Nith_dumgal17-09.csv,10,8.5,91.5
AnnandaleSouth_dumgal17-10.csv,7,11.9,88.1
AnnandaleNorth_dumgal17-11.csv,5,17.4,82.6
MidGallowayandWigtownWest_dumgal17-02.csv,9,7.4,92.6
CastleDouglasandCrocketford_dumgal17-04.csv,6,17.4,82.6
NorthWestDumfries_dumgal17-06.csv,7,10.8,89.2
DeeandGlenkens_dumgal17-03.csv,9,8.1,91.9
Lochar_dumgal17-08.csv,9,8.2,91.8
AnnandaleEastandEskdale_dumgal17-12.csv,6,11.8,88.2
Abbey_dumgal17-05.csv,7,11.1,88.9
MidandUpperNithsdale_dumgal17-07.csv,5,14.3,85.7
StranraerandtheRhins_dumgal17-01.csv,8,9.1,90.9
"Ward2-Broxburn,UphallandWinchburgh_w-lothian17-02.csv",9,10.5,89.5
Ward6-FauldhouseandtheBreichValley_w-lothian17-06.csv,7,14.5,85.5
Ward7-WhitburnandBlackburn_w-lothian17-07.csv,7,10.9,89.1
Ward4-LivingstonSouth_w-lothian17-04.csv,8,10.1,89.9
Ward1-Linlithgow_w-lothian17-01.csv,7,9.9,90.1
Ward8-Bathgate_w-lothian17-08.csv,9,9.1,90.9
Ward5-EastLivingstonandEastCalder_w-lothian17-05.csv,8,12.4,87.6
Ward9-ArmadaleandBlackridge_w-lothian17-09.csv,6,17.1,82.9
Ward3-LivingstonNorth_w-lothian17-03.csv,8,11.7,88.3
Ward7Langside_glasgow12-07-recalc.csv,8,7.1,92.9
Ward16Canal_glasgow12-16.csv,12,2.9,97.1
Ward20Baillieston_glasgow12-20.csv,10,5.0,95.0
Ward21NorthEast_glasgow12-21.csv,9,5.1,94.9
Ward17Springburn_glasgow12-17.csv,10,5.6,94.4
Ward9Calton_glasgow12-09.csv,13,2.6,97.4
Ward1Linn_glasgow12-01.csv,9,6.8,93.2
Ward13Garscadden-Scotstounhill_glasgow12-13.csv,13,2.0,98.0
Ward15Maryhill-Kelvin_glasgow12-15.csv,8,8.0,92.0
Ward2Newlands-Auldburn_glasgow12-02.csv,11,3.5,96.5
Ward14Drumchapel-Anniesland_glasgow12-14.csv,11,5.5,94.5
Ward12PartickWest_glasgow12-12.csv,13,2.2,97.8
Ward5Govan_glasgow12-05.csv,14,2.1,97.9
Ward6Pollokshields_glasgow12-06.csv,8,6.0,94.0
Ward4Craigton_glasgow12-04.csv,10,5.5,94.5
Ward19Shettleston_glasgow12-19.csv,10,3.2,96.8
Ward8SouthsideCentral_glasgow12-08.csv,10,5.2,94.8
Ward10Anderston-City_glasgow12-10.csv,11,3.4,96.6
Ward18EastCentre_glasgow12-18.csv,11,3.6,96.4
Ward3GreaterPollok_glasgow12-03.csv,11,4.3,95.7
Ward11Hillhead_glasgow12-11.csv,13,2.7,97.3
LomondWard_w-duns12-01.csv,7,8.7,91.3
ClydebankCentralWard_w-duns12-05.csv,7,8.6,91.4
ClydebankWaterfrontWard_w-duns12-06.csv,8,7.5,92.5
LevenWard_w-duns12-02.csv,7,9.5,90.5
KilpatrickWard_w-duns12-04.csv,7,8.7,91.3
DumbartonWard_w-duns12-03.csv,9,5.9,94.1
Ward15Maryhill_Glasgow 2024 by-election Ward 15.csv,7,11.5,88.5
Ward21NorthEast_Glasgow 2024 by-election Ward 21.csv,7,13.2,86.8
Ward14Drumchapel-Anniesland_Glasgow 2024 by-election Ward 14.csv,7,12.5,87.5
Ward23PartickEast-Kelvindale_Glasgow 2024 by-election Ward 23.csv,5,20.2,79.8
DunblaneandBridgeofAllanWard_stirling12-03.csv,6,12.7,87.3
StirlingWestWard_stirling12-05.csv,4,22.5,77.5
BannockburnWard_stirling12-07.csv,7,8.4,91.6
StirlingEastWard_stirling12-06.csv,6,13.8,86.2
TrossachsandTeithWard_stirling12-01.csv,6,10.5,89.5
ForthandEndrickWard_stirling12-02.csv,8,6.3,93.7
CastleWard_stirling12-04.csv,8,7.0,93.0
Linn_linn.csv,11,4.5,95.5
govan_govan.csv,11,3.9,96.1
Pollokshields_pollokshields.csv,9,7.4,92.6
SouthsideCentral_southsidecentral.csv,9,7.9,92.1
Bailliestonward_baillieston.csv,11,4.6,95.4
Langside_langside.csv,8,10.5,89.5
Greaterpollok_greater pollok.csv,9,8.9,91.1
Craigtonward_craigton.csv,10,6.2,93.8
Canalward_canal.csv,11,4.3,95.7
NorthEast_north east.csv,10,7.5,92.5
Andersonward_anderston.csv,9,7.9,92.1
Springburn_springburn.csv,10,6.3,93.7
Partick_partick.csv,9,7.1,92.9
EastCentre_eastcentre.csv,13,2.7,97.3
Newlands_newlands.csv,9,6.7,93.3
Hillhead_hillhead.csv,10,6.3,93.7
Caltonward_calton.csv,10,6.2,93.8
Shettleston_shettleston.csv,11,4.2,95.8
Drumchapel_drumchapel.csv,10,6.0,94.0
Garscadden_garscadden.csv,10,5.1,94.9
Maryhill_maryhill.csv,8,10.1,89.9
GlenrothesWestAndKinglassieWard_fife12-14.csv,10,4.1,95.9
GlenrothesCentralAndThorntonWard_fife12-16.csv,7,7.7,92.3
RosythWard_fife12-05.csv,8,6.2,93.8
HoweOfFifeAndTayCoastWard_fife12-17.csv,7,9.5,90.5
EastNeukAndLandwardWard_fife12-20.csv,6,10.2,89.8
LevenKennowayAndLargoWard_fife12-22.csv,8,6.2,93.8
BurntislandKinghornAndWesternKirkcaldyWard_fife12-10.csv,9,4.5,95.5
BuckhavenMethilAndWemyssVillagesWard_fife12-23.csv,9,3.9,96.1
WestFifeAndCoastalVillagesWard_fife12-01.csv,8,6.5,93.5
InverkeithingAndDalgetyBayWard_fife12-06.csv,7,9.0,91.0
KirkcaldyNorthWard_fife12-11.csv,7,8.7,91.3
TayBridgeheadWard_fife12-18.csv,5,17.6,82.4
CuparWard_fife12-21.csv,5,18.4,81.6
GlenrothesNorthLeslieAndMarkinchWard_fife12-15.csv,8,5.9,94.1
DunfermlineSouthWard_fife12-04.csv,7,10.1,89.9
TheLochsWard_fife12-07.csv,6,9.2,90.8
StAndrewsWard_fife12-19.csv,9,6.8,93.2
DunfermlineNorthWard_fife12-02.csv,5,13.8,86.2
DunfermlineCentralWard_fife12-03.csv,7,7.6,92.4
CowdenbeathWard_fife12-08.csv,6,10.3,89.7
KirkcaldyCentralWard_fife12-12.csv,6,10.9,89.1
LochgellyAndCardendenWard_fife12-09.csv,5,11.4,88.6
KirkcaldyEastWard_fife12-13.csv,7,8.6,91.4
Ward5NorthBerwickCoastal_e-lothian12-05.csv,6,9.0,91.0
Ward2MusselburghEastandCarberry_e-lothian12-02.csv,5,15.2,84.8
Ward4Fa'side_e-lothian12-04.csv,7,7.8,92.2
Ward7DunbarandEastLinton_e-lothian12-07.csv,6,11.1,88.9
Ward3Preston-Seton-Gosford_e-lothian12-03.csv,7,7.5,92.5
Ward6HaddingtonandLammermuir_e-lothian12-06.csv,6,10.7,89.3
Ward1MusselburghWest_e-lothian12-01.csv,7,7.3,92.7
"Clarkston,NetherleeandWilliamwood_e-renfs17-4.csv",11,7.9,92.1
NewtonMearnsSouthandEaglesham_e-renfs17-5.csv,8,8.6,91.4
"Barrhead,LibosideandUplawmoor_e-renfs17-1.csv",8,11.3,88.7
NewtonMearnsNorthandNeilston_e-renfs17-2.csv,9,8.2,91.8
GiffnockandThornliebank_e-renfs17-3.csv,9,10.6,89.4
Ward5-HeldonandLaich_file141902.csv,6,13.1,86.9
Ward8-Forres_file141922.csv,6,13.1,86.9
Ward7-ElginCitySouth_file141915.csv,6,17.8,82.2
Ward6-ElginCityNorth_file141913.csv,6,19.4,80.6
Ward2-KeithandCullen_file141894.csv,5,14.7,85.3
Ward4-FochabersLhanbryde_file141896.csv,5,17.3,82.7
Ward1-SpeysideGlenlivet_file141884.csv,5,16.1,83.9
Ward9SteòrnabhaghaTuath_ward09_preferenceprofile.csv,10,5.4,94.6
Ward3UibhistaTuath_ward_03_preferenceprofile.csv,3,43.4,56.6
Ward10SteòrnabhaghaDeas_ward10_preferenceprofile.csv,7,11.1,88.9
ward02_preferenceprofile.csv,8,10.9,89.1
Ward8LochaTuath_ward08_preferenceprofile.csv,5,15.6,84.4
Ward5SgìrenanLoch_ward_05_preferenceprofile.csv,4,24.0,76.0
Ward4NaHearadh_ward_04_preferenceprofile.csv,3,48.4,51.6
Ward7AnTaobhSiaragusNis_ward07_preferenceprofile.csv,6,19.6,80.4
Ward15Maryhill_Ward15.csv,8,11.0,89.0
Ward20Baillieston_Ward20.csv,7,14.5,85.5
Ward22Dennistoun_Ward22.csv,7,15.9,84.1
Ward16Canal_Ward16.csv,10,7.0,93.0
Ward12VictoriaPark_Ward12.csv,6,15.6,84.4
Ward8SouthsideCentral_Ward8.csv,10,8.0,92.0
Ward18EastCentre_Ward18.csv,11,7.2,92.8
Ward6Pollokshields_Ward6.csv,10,8.9,91.1
Ward14Drumchapel-Anniesland_Ward14.csv,10,9.5,90.5
Ward19Shettleston_Ward19.csv,8,11.8,88.2
Ward2Newlands-Auldburn_Ward2.csv,10,8.1,91.9
Ward7Langside_Ward7.csv,9,11.3,88.7
Ward17Springburn-Robroyston_Ward17.csv,8,12.8,87.2
Ward13Garscadden-Scotstounhill_Ward13.csv,8,12.2,87.8
Ward1Linn_Ward1.csv,9,9.6,90.4
Ward4Cardonald_Ward4.csv,9,11.1,88.9
Ward3GreaterPollok_Ward3.csv,11,6.2,93.8
Ward21NorthEast_Ward21.csv,8,12.1,87.9
Ward9Calton_Ward9.csv,9,12.5,87.5
Ward5Govan_Ward5.csv,11,7.0,93.0
Ward11Hillhead_Ward11.csv,6,14.2,85.8
Ward10Anderston-City-Yorkhill_Ward10.csv,10,8.3,91.7
Ward23PartickEast-Kelvindale_Ward23.csv,9,8.5,91.5
EastGariochWard_aberdeenshire12-12.csv,6,16.8,83.2
MearnsWard_aberdeenshire12-19.csv,7,10.4,89.6
EllonandDistrictWard_aberdeenshire12-09.csv,6,15.9,84.1
BanchoryandMidDeesideWard_aberdeenshire12-16.csv,5,18.6,81.4
TroupWard_aberdeenshire12-02.csv,8,6.6,93.4
WesthillandDistrictWard_aberdeenshire12-13.csv,5,20.9,79.1
AboyneUpperDeesideandDonsideWard_aberdeenshire12-15.csv,5,16.6,83.4
FraserburghandDistrictWard_aberdeenshire12-03.csv,10,4.5,95.5
WestGariochWard_aberdeenshire12-10.csv,5,18.7,81.3
TurriffandDistrictWard_aberdeenshire12-07.csv,6,13.5,86.5
HuntlyStrathbogieandHoweofAlfordWard_aberdeenshire12-14.csv,6,12.7,87.3
InverurieandDistrictWard_aberdeenshire12-11.csv,8,8.8,91.2
PeterheadSouthandCrudenWard_aberdeenshire12-06.csv,6,11.2,88.8
MidFormartineWard_aberdeenshire12-08.csv,7,12.2,87.8
BanffandDistrictWard_aberdeenshire12-01.csv,5,14.2,85.8
StonehavenandLowerDeesideWard_aberdeenshire12-18.csv,10,5.7,94.3
CentralBuchanWard_aberdeenshire12-04.csv,8,7.2,92.8
PeterheadNorthandRattrayWard_aberdeenshire12-05.csv,9,4.5,95.5
NorthKincardineWard_aberdeenshire12-17.csv,7,10.0,90.0
"Ward10-Hawick&Denholm_sc borders,2022,ward 10.csv",6,14.2,85.8
"Ward2-TweeddaleEast_sc borders,2022,ward 2.csv",7,10.7,89.3
"Ward8-Kelso&District_sc borders,2022,ward 8.csv",7,8.6,91.4
"Ward9-Jedburgh&District_sc borders,2022,ward 9.csv",7,9.7,90.3
"Ward4-Selkirkshire_sc borders,2022,ward 4.csv",6,12.8,87.2
"Ward1-TweeddaleWest_sc borders,2022,ward 1.csv",6,14.5,85.5
"Ward3-Galashiels&District_sc borders,2022,ward 3.csv",9,9.0,91.0
"Ward6-MidBerwickshire_sc borders,2022,ward 6.csv",7,9.0,91.0
"Ward5-Leaderdale&Melrose_sc borders,2022,ward 5.csv",7,10.3,89.7
"Ward11-Hawick&Hermitage_sc borders,2022,ward 11.csv",7,11.3,88.7
"Ward7-EastBerwickshire_sc borders,2022,ward 7.csv",8,8.6,91.4
InverclydeWest_inverclyde17-05.csv,7,11.4,88.6
InverclydeSouth_inverclyde17-07.csv,8,10.4,89.6
InverclydeEastCentral_inverclyde17-02.csv,6,14.4,85.6
InverclydeSouthWest_inverclyde17-06.csv,7,13.3,86.7
InverclydeEast_inverclyde17-01.csv,5,17.5,82.5
InverclydeNorth_inverclyde17-04.csv,7,13.0,87.0
InverclydeCentral_inverclyde17-03.csv,6,15.3,84.7
NorthIsles_orkney12-06.csv,4,17.1,82.9
KirkwallEast_orkney12-01.csv,8,9.2,90.8
KirkwallWestandOrphir_orkney12-02.csv,11,2.8,97.2
WestMainland_orkney12-04.csv,9,7.6,92.4
"EastMainland,SouthRonaldsayandBurray_orkney12-05.csv",7,9.2,90.8
StromnessandSouthIsles_orkney12-03.csv,7,8.5,91.5
Ward3-TranentWallyfordandMacmerry_Ward3.csv,9,8.4,91.6
Ward2-PrestonSetonandGosford_Ward2.csv,8,9.3,90.7
Ward6-DunbarandEastLinton_Ward6.csv,7,10.9,89.1
Ward4-NorthBerwickCoastal_Ward4.csv,8,8.7,91.3
Ward5-HaddingtonandLammermuir_Ward5.csv,9,7.2,92.8
Ward1-Musselburgh_Ward1.csv,9,8.4,91.6
Ward4-AyrEast_s-ayrshire12-04.csv,7,7.9,92.1
Ward3-AyrNorth_s-ayrshire12-03.csv,5,16.9,83.1
Ward2-Prestwick_s-ayrshire12-02.csv,6,11.3,88.7
Ward6-Kyle_s-ayrshire12-06.csv,4,20.1,79.9
Ward1-Troon_s-ayrshire12-01.csv,6,12.2,87.8
Ward7-MayboleNorthCarrickandCoylton_s-ayrshire12-07.csv,5,18.5,81.5
Ward5-AyrWest_s-ayrshire12-05.csv,7,6.8,93.2
Ward8-GirvanandSouthCarrick_s-ayrshire12-08.csv,4,20.6,79.4
KirkintillochEastandNorthandTwechar_e-duns17-07.csv,7,18.0,82.0
Milngavie_e-duns17-01.csv,6,14.8,85.2
LenzieandKirkintillochSouth_e-duns17-06.csv,8,11.9,88.1
BishopbriggsSouth_e-duns17-05.csv,6,16.7,83.3
BearsdenNorth_e-duns17-02.csv,6,17.0,83.0
BearsdenSouth_e-duns17-03.csv,6,17.1,82.9
BishopbriggsNorthandCampsie_e-duns17-04.csv,7,16.1,83.9
ForfarandDistrict_angus17-03.csv,8,10.4,89.6
MontroseandDistrict_angus17-08.csv,7,12.9,87.1
CarnoustieandDistrict_angus17-05.csv,7,13.1,86.9
ArbroathEastandLunan_angus17-07.csv,8,11.6,88.4
MonifiethandSidlaw_angus17-04.csv,5,17.8,82.2
"ArbroathWest,LethamandFriockheim_angus17-06.csv",5,18.0,82.0
KirriemuirandDean_angus17-01.csv,6,13.8,86.2
BrechinandEdzell_angus17-02.csv,7,11.5,88.5
3_dalkeith_preference_profile_open_from_within_ms_word_or_similar.csv,7,13.7,86.3
east_preference_profile_open_from_within_ms_word_or_similar.csv,6,14.4,85.6
2_bonnyrigg_preference_profile_open_from_within_ms_word_or_similar.csv,4,20.7,79.3
1_penicuik_preference_profile_open_from_within_ms_word_or_similar.csv,7,11.6,88.4
west_preference_profile_open_from_within_ms_word_or_similar.csv,7,12.7,87.3
dalkeith_preference_profile_open_from_within_ms_word_or_similar.csv,8,11.3,88.7
BuckieWard_moray12-03.csv,5,17.2,82.8
ForresWard_moray12-08.csv,10,6.0,94.0
HeldonandLaichWard_moray12-05.csv,7,9.6,90.4
ElginCityNorthWard_moray12-06.csv,5,15.8,84.2
KeithandCullenWard_moray12-02.csv,5,18.6,81.4
FochabersLhanbrydeWard_moray12-04.csv,5,17.7,82.3
ElginCitySouthWard_moray12-07.csv,4,21.5,78.5
SpeysideGlenlivetWard_moray12-01.csv,6,12.2,87.8
ClackmannanshireNorth_clacks12-02.csv,8,5.6,94.4
ClackmannanshireSouth_clacks12-04.csv,5,16.9,83.1
ClackmannanshireEast_clacks12-05.csv,4,20.7,79.3
ClackmannanshireCentral_clacks12-03.csv,6,11.1,88.9
ClackmannanshireWest_clacks12-01.csv,7,9.3,90.7
Ward04-Arran_Preference-Profile-Arran_copy.csv,6,16.2,83.8
Ward07-IrvineWest_Preference-Profile-Irvine-West_copy.csv,10,8.2,91.8
Ward03-Ardrossan_Preference-Profile-Ardrossan_copy.csv,7,13.0,87.0
Ward09-IrvineSouth_Preference-Profile-Irvine-South_copy.csv,7,13.2,86.8
Ward08-IrvineEast_Preference-Profile-Irvine-East_copy.csv,7,13.0,87.0
Ward01-NorthCoast_Preference-Profile-North-Coast_copy.csv,12,4.7,95.3
Ward06-Kilwinning_Preference-Profile-Kilwinning_copy.csv,6,19.1,80.9
Ward02-GarnockValley_Preference-Profile-Garnock-Valley_copy.csv,11,6.5,93.5
Preference-Profile-Saltcoats-and-Stevenston_copy.csv,8,11.9,88.1
Ward3-WickandEastCaithness_highland17-03.csv,9,9.5,90.5
Ward8-DingwallandSeaforth_highland17-08.csv,7,15.5,84.5
Ward20-BadenochandStrathspey_highland17-20.csv,8,11.3,88.7
Ward15-InvernessNess-side_highland17-15.csv,6,16.5,83.5
Ward10-Eileana'Cheo_highland17-10.csv,12,8.9,91.1
Ward7-TainandEasterRoss_highland17-07.csv,6,18.3,81.7
Ward21-FortWilliamandArdnamurchan_highland17-21.csv,7,12.8,87.2
Ward16-InvernessMillburn_highland17-16.csv,7,14.9,85.1
Ward17-CullodenandArdersier_highland17-17.csv,8,9.8,90.2
Ward19-InvernessSouth_highland17-19.csv,8,12.5,87.5
Ward12-AirdandLochNess_highland17-12.csv,7,15.2,84.8
Ward9-BlackIsle_highland17-09.csv,7,13.6,86.4
Ward11-CaolandMallaig_highland17-11.csv,7,17.2,82.8
Ward14-InvernessCentral_highland17-14.csv,8,14.9,85.1
Ward6-CromartyFirth_highland17-06.csv,9,12.8,87.2
Ward18-NairnandCawdor_highland17-18.csv,10,9.9,90.1
Ward13-InvernessWest_highland17-13.csv,7,15.5,84.5
Ward2-ThursoandNorthwestCaithness_highland17-02.csv,9,10.0,90.0
Ward4-EastSutherlandandEdderton_highland17-04.csv,7,12.9,87.1
"Ward1-North,WestandCentralSutherland_highland17-01.csv",8,13.4,86.6
"Ward5-WesterRoss,StrathpefferandLochalsh_highland17-05.csv",8,17.2,82.8
Ward18-HamiltonWestandEarnock_s-lanarks17-18.csv,7,14.7,85.3
Ward2-ClydesdaleNorth_s-lanarks17-02.csv,7,12.2,87.8
Ward4-ClydesdaleSouth_s-lanarks17-04.csv,9,6.7,93.3
Ward11-RutherglenSouth_s-lanarks17-11.csv,6,15.5,84.5
Ward16-BothwellandUddingston_s-lanarks17-16.csv,6,15.2,84.8
Ward5-AvondaleandStonehouse_s-lanarks17-05.csv,8,9.1,90.9
Ward6-EastKilbrideSouth_s-lanarks17-06.csv,8,11.7,88.3
Ward10-EastKilbrideEast_s-lanarks17-10.csv,8,11.4,88.6
Ward9-EastKilbrideWest_s-lanarks17-09.csv,7,11.8,88.2
Ward3-ClydesdaleEast_s-lanarks17-03.csv,8,11.4,88.6
Ward8-EastKilbrideCentralNorth_s-lanarks17-08.csv,8,11.2,88.8
Ward17-HamiltonNorthandEast_s-lanarks17-17.csv,8,11.0,89.0
Ward12-RutherglenCentralandNorth_s-lanarks17-12.csv,7,14.3,85.7
Ward14-CambuslangEast_s-lanarks17-14.csv,8,13.3,86.7
Ward7-EastKilbrideCentralSouth_s-lanarks17-07.csv,7,13.3,86.7
Ward19-HamiltonSouth_s-lanarks17-19.csv,7,13.2,86.8
Ward1-ClydesdaleWest_s-lanarks17-01.csv,8,10.3,89.7
Ward20-Larkhall_s-lanarks17-20.csv,9,6.9,93.1
Ward15-Blantyre_s-lanarks17-15.csv,8,9.9,90.1
Ward13-CambuslangWest_s-lanarks17-13.csv,8,10.7,89.3
BeinnNaFoghlaAgusUibhistATuath_eilean-siar12-02.csv,6,13.3,86.7
NaHearadhAgusCeannADeasNanLoch_eilean-siar12-03.csv,4,14.7,85.3
"Barraigh,BhatarsaighEirisgeighAgusUibhistADeas_eilean-siar12-01.csv",11,3.6,96.4
SteornabhaghaTuath_eilean-siar12-07.csv,10,3.5,96.5
LochaTuath_eilean-siar12-08.csv,5,17.9,82.1
AnTaobhSiaragusNis_eilean-siar12-09.csv,6,20.0,80.0
SteornabhaghaDeas_eilean-siar12-06.csv,7,6.3,93.7
Sgir'UigeAgusCeannATuathNanLoch_eilean-siar12-04.csv,7,5.9,94.1
SgireAnRubha_eilean-siar12-05.csv,7,7.8,92.2
KilmarnockNorth_e-ayrshire17-02.csv,5,18.6,81.4
Annick_e-ayrshire17-01.csv,8,10.5,89.5
Ballochmyle_e-ayrshire17-07.csv,7,9.8,90.2
CumnockandNewCumnock_e-ayrshire17-08.csv,8,10.7,89.3
KilmarnockWestandCrosshouse_e-ayrshire17-03.csv,6,14.5,85.5
KilmarnockSouth_e-ayrshire17-05.csv,5,18.1,81.9
DoonValley_e-ayrshire17-09.csv,9,8.0,92.0
IrvineValley_e-ayrshire17-06.csv,8,8.3,91.7
KilmarnockEastandHurlford_e-ayrshire17-04.csv,7,12.1,87.9
Ward1-KirriemuirandDean_ward1.csv,7,10.5,89.5
Ward8-MontroseandDistrict_ward8.csv,9,10.1,89.9
Ward6-ArbroathWestLethamandFriockheim_ward6.csv,10,7.8,92.2
Ward7-ArbroathEastandLunan_ward7.csv,6,18.7,81.3
Ward3-ForfarandDistrict_ward3.csv,8,12.5,87.5
Ward2-BrechinandEdzell_ward2.csv,5,22.4,77.6
Ward4-MonifiethandSidlaw_ward4.csv,8,10.4,89.6
Ward5-CarnoustieandDistrict_ward5.csv,7,11.8,88.2
"Ward2-BroxburnUphallandWinchburgh_west lothian,2022,ward 2.csv",9,8.8,91.2
"Ward7-WhitburnandBlackburn_west lothian,2022,ward 7.csv",7,13.6,86.4
"Ward3-LivingstonNorth_west lothian,2022,ward 3.csv",8,11.2,88.8
"Ward6-FauldhouseandtheBreichValley_west lothian,2022,ward 6.csv",8,10.4,89.6
"Ward5-EastLivingstonandEastCalder_west lothian,2022,ward 5.csv",10,7.4,92.6
"Ward9-ArmadaleandBlackridge_west lothian,2022,ward 9.csv",7,12.3,87.7
"Ward1-Linlithgow_west lothian,2022,ward 1.csv",6,12.8,87.2
"Ward8-Bathgate_west lothian,2022,ward 8.csv",8,9.8,90.2
"Ward4-LivingstonSouth_west lothian,2022,ward 4.csv",10,7.5,92.5
6.PaisleySouthWestWard_renfs12-06.csv,7,9.0,91.0
7.JohnstoneSouthElderslie&HowwoodWard_renfs12-07.csv,8,7.3,92.7
8.JohnstoneNorthKilbarchan&LochwinnochWard_renfs12-08.csv,8,6.0,94.0
3.PaisleyEast&RalstonWard_renfs12-03.csv,7,8.3,91.7
4.PaisleyNorthWestWard_renfs12-04.csv,8,9.1,90.9
10.BishoptonBridgeofWeir&LangbankWard_renfs12-10.csv,6,8.7,91.3
9.HoustonCrosslee&LinwoodWard_renfs12-09.csv,7,8.7,91.3
2.RenfrewSouthGallowhillWard_renfs12-02.csv,7,8.6,91.4
11.Erskine&InchinnanWard_renfs12-11.csv,7,9.8,90.2
5.PaisleySouthWard_renfs12-05.csv,8,5.6,94.4
Strathallan_perth-kinross12-07.csv,5,16.0,84.0
PerthCityCentre_perth-kinross12-12.csv,8,7.9,92.1
PerthCityNorth_perth-kinross12-11.csv,7,9.1,90.9
Kinross-shire_perth-kinross12-08.csv,9,6.2,93.8
CarseofGowrie_perth-kinross12-01.csv,5,15.9,84.1
Strathtay_perth-kinross12-05.csv,5,14.9,85.1
Strathearn_perth-kinross12-06.csv,6,11.9,88.1
PerthCitySouth_perth-kinross12-10.csv,8,7.3,92.7
Highland_perth-kinross12-04.csv,7,8.3,91.7
AlmondandEarn_perth-kinross12-09.csv,6,10.4,89.6
BlairgowrieandGlens_perth-kinross12-03.csv,5,14.5,85.5
Strathmore_perth-kinross12-02.csv,7,9.0,91.0
Preference_profile_for_Ward_2_Renfrew_South_and_Gallowhill_copy.csv,5,20.0,80.0
profile_for_Ward_11_Bishopton_Bridge_of_Weir_and_Langbank_copy.csv,5,17.0,83.0
Preference_profile_for_Ward_12_Erskine_and_Inchinnan_copy.csv,6,16.3,83.7
Preference_profile_for_Ward_10_Houston_Crosslee_and_Linwood_copy.csv,5,18.0,82.0
for_Ward_9_Johnstone_North_Kilbarchan_Howwood_and_Lochwinnoch_copy.csv,8,11.9,88.1
Preference_profile_for_Ward_6_Paisley_Southeast_copy.csv,9,8.8,91.2
Preference_profile_for_Ward_5_Paisley_East_and_Central_copy.csv,7,14.9,85.1
Preference_profile_for_Ward_4_Paisley_Northwest_copy.csv,11,7.5,92.5
Preference_profile_for_Ward_8_Johnstone_South_and_Elderslie_copy.csv,6,14.4,85.6
Preference_profile_for_Ward_7_Paisley_Southwest_copy.csv,7,14.9,85.1
MidArgyll_argyll-bute17-03.csv,7,14.5,85.5
Cowal_argyll-bute17-06.csv,6,15.7,84.3
Dunoon_argyll-bute17-07.csv,10,11.2,88.8
ObanNorthandLorn_argyll-bute17-05.csv,10,10.8,89.2
IsleofBute_argyll-bute17-08.csv,7,10.0,90.0
KintyreandtheIslands_argyll-bute17-02.csv,6,15.4,84.6
HelensburghandLomondSouth_argyll-bute17-11.csv,8,9.9,90.1
ObanSouthandtheIsles_argyll-bute17-04.csv,8,13.7,86.3
LomondNorth_argyll-bute17-09.csv,7,11.6,88.4
HelensburghCentral_argyll-bute17-10.csv,5,17.4,82.6
Ward4-ShetlandCentral_shetland17-04.csv,5,24.6,75.4
Ward2-ShetlandNorth_shetland17-02.csv,4,26.3,73.7
Ward3-ShetlandWest_shetland17-03.csv,6,24.2,75.8
Ward6-LerwickNorth_shetland17-06.csv,4,20.2,79.8
Ward1-NorthIsles_shetland17-01.csv,5,28.9,71.1
Ward7-LerwickSouth_shetland17-07.csv,5,33.7,66.3
Kilwinning_n-ayrshire17-03.csv,7,13.0,87.0
Saltcoats_n-ayrshire17-09.csv,7,10.6,89.4
NorthCoastandCumbraes_n-ayrshire17-08.csv,6,13.6,86.4
IrvineEast_n-ayrshire17-02.csv,6,15.4,84.6
Stevenston_n-ayrshire17-04.csv,8,12.3,87.7
DalryandWestKilbride_n-ayrshire17-06.csv,8,14.7,85.3
ArdrossanandArran_n-ayrshire17-05.csv,7,10.4,89.6
IrvineSouth_n-ayrshire17-10.csv,7,11.3,88.7
IrvineWest_n-ayrshire17-01.csv,7,12.2,87.8
KilbirnieandBeith_n-ayrshire17-07.csv,7,14.7,85.3
v0001_ward-13-westhill-and-district_06052022_172124.csv,7,10.8,89.2
v0001_ward-7-turriff-and-district_06052022_172118.csv,6,14.0,86.0
preferenceprofile_v0001_ward-19-mearns_06052022_172124.csv,11,7.0,93.0
Ward1-BanffandDistrict_ward1.csv,8,10.8,89.2
preferenceprofile_v0001_ward-8-mid-formartine_06052022_172123.csv,6,13.7,86.3
preferenceprofile_v0001_ward-12-east-garioch_06052022_172124.csv,6,17.7,82.3
preferenceprofile_v0001_ward-4-central-buchan_06052022_172124.csv,10,7.1,92.9
Ward2-Troup_preferenceprofile_v0001_ward-2-troup_06052022_172123.csv,5,17.7,82.3
preferenceprofile_v0001_ward-9-ellon-and-district_06052022_172124.csv,7,14.3,85.7
v0001_ward-3-fraserburgh-and-district_06052022_172124.csv,7,11.7,88.3
ward-14-huntly-strathbogie-and-howe-of-alford_06052022_172124.csv,7,12.2,87.8
v0001_ward-5-peterhead-north-and-rattray_06052022_172118.csv,8,9.8,90.2
preferenceprofile_v0001_ward-10-west-garioch_06052022_172124.csv,8,11.3,88.7
v0001_ward-6-peterhead-south-and-cruden_06052022_172115.csv,4,20.6,79.4
v0001_ward-15-aboyne-upper-deeside-and-donside_06052022_172124.csv,6,12.9,87.1
v0001_ward-16-banchory-and-mid-deeside_06052022_172124.csv,6,14.7,85.3
preferenceprofile_v0001_ward-17-north-kincardine_06052022_172124.csv,9,9.7,90.3
v0001_ward-11-inverurie-and-district_06052022_172124.csv,6,14.6,85.4
v0001_ward-18-stonehaven-and-lower-deeside_06052022_172124.csv,8,11.7,88.3
Ward12-LeithWalk_ward12.csv,12,5.4,94.6
Ward7-Sighthill-Gorgie_ward7.csv,8,12.2,87.8
Ward1-Almond_ward1.csv,9,7.2,92.8
Ward10-Morningside_ward10.csv,7,8.6,91.4
Ward2-PentlandHills_ward2.csv,9,6.4,93.6
Ward3-DrumBrae-Gyle_ward3.csv,8,8.1,91.9
Ward6-Corstorphine-Murrayfield_ward6.csv,7,10.6,89.4
Ward11-CityCentre_ward11.csv,13,5.2,94.8
Ward17-Portobello-Craigmillar_ward17.csv,9,9.8,90.2
Ward9-Fountainbridge-Craiglockhart_ward9.csv,7,10.1,89.9
Ward14-Craigentinny-Duddingston_ward14.csv,6,15.3,84.7
Ward4-Forth_ward4.csv,8,9.7,90.3
Ward13-Leith_ward13.csv,8,11.2,88.8
Ward8-Colinton-Fairmilehead_ward8.csv,7,8.4,91.6
Ward16-Liberton-Gilmerton_ward16.csv,10,7.4,92.6
Ward15-Southside-Newington_ward15.csv,5,20.6,79.4
Ward5-Inverleith_ward5.csv,10,5.0,95.0
Ward3-BlairgowrieandGlens_Ward3.csv,9,7.9,92.1
Ward9-AlmondandEarn_Ward9.csv,6,10.3,89.7
Ward7-Strathallan_Ward7.csv,6,12.8,87.2
Ward4-Highland_Ward4.csv,8,7.9,92.1
Ward12-PerthCityCentre_Ward12.csv,9,9.3,90.7
Ward5-Strathtay_Ward5.csv,5,13.7,86.3
Ward1-CarseofGowrie_Ward1.csv,8,12.8,87.2
Ward8-Kinross-Shire_Ward8.csv,8,10.2,89.8
Ward2-Strathmore_Ward2.csv,7,12.2,87.8
Ward10-PerthCitySouth_Ward10.csv,7,12.6,87.4
Ward6-Strathearn_Ward6.csv,6,14.2,85.8
Ward11-PerthCityNorth_Ward11.csv,7,12.2,87.8
Ward9-UpperBraes_falkirk17-09.csv,7,13.3,86.7
Ward6-FalkirkNorth_falkirk17-06.csv,6,19.6,80.4
Ward7-FalkirkSouth_falkirk17-07.csv,4,23.7,76.3
Ward1-Bo'nessandBlackness_falkirk17-01.csv,6,16.0,84.0
Ward5-BonnybridgeandLarbert_falkirk17-05.csv,6,18.0,82.0
Ward3-DennyandBanknock_falkirk17-03.csv,10,9.7,90.3
Ward8-LowerBraes_falkirk17-08.csv,8,9.6,90.4
Ward2-Grangemouth_falkirk17-02.csv,6,15.8,84.2
"Ward4-Carse,KinnairdandTryst_falkirk17-04.csv",7,14.2,85.8
"Ward5-Stepps,ChrystonandMuirhead_n-lanarks17-005.csv",6,17.2,82.8
Ward11-CoatbridgeSouth_n-lanarks17-011.csv,8,14.0,86.0
Ward17-MotherwellWest_n-lanarks17-017.csv,7,14.0,86.0
Ward21-Wishaw_n-lanarks17-021.csv,7,13.6,86.4
Ward18-MotherwellNorth_n-lanarks17-018.csv,6,19.0,81.0
Ward13-Fortissat_n-lanarks17-013.csv,7,10.7,89.3
Ward3-CumbernauldSouth_n-lanarks17-003.csv,9,9.2,90.8
Ward19-MotherwellSouthEastandRavenscraig_n-lanarks17-019.csv,12,7.1,92.9
Ward4-CumbernauldEast_n-lanarks17-004.csv,8,11.9,88.1
Ward9-AirdrieCentral_n-lanarks17-009.csv,8,12.0,88.0
"Ward6-Gartcosh,GlenboigandMoodiesburn_n-lanarks17-006.csv",7,14.8,85.2
Ward8-AirdrieNorth_n-lanarks17-008.csv,8,11.9,88.1
Ward1-Kilsyth_n-lanarks17-001.csv,7,11.4,88.6
Ward10-CoatbridgeWest_n-lanarks17-010.csv,5,22.1,77.9
Ward7-CoatbridgeNorth_n-lanarks17-007.csv,8,13.1,86.9
Ward20-Murdostoun_n-lanarks17-020.csv,9,10.2,89.8
Ward2-CumbernauldNorth_n-lanarks17-002.csv,10,8.9,91.1
Ward12-AirdrieSouth_n-lanarks17-012.csv,8,11.7,88.3
Ward15-Bellshill_n-lanarks17-015.csv,7,12.1,87.9
Ward14-Thorniewood_n-lanarks17-014.csv,5,19.1,80.9
Ward16-MossendandHolytown_n-lanarks17-016.csv,5,20.0,80.0
V0001_North_West_and_Central_Sutherland_06052022_161534.csv,7,10.3,89.7
V0001_East_Sutherland_and_Edderton_06052022_161530.csv,5,16.0,84.0
V0001_Wester_Ross_Strathpeffer_and_Lochalsh_06052022_161539.csv,5,17.5,82.5
PreferenceProfile_V0001_Culloden_and_Ardersier_06052022_161539.csv,7,11.4,88.6
PreferenceProfile_V0001_Inverness_South_06052022_161540.csv,7,12.6,87.4
PreferenceProfile_V0001_Inverness_West_06052022_161539.csv,9,9.1,90.9
PreferenceProfile_V0001_Aird_and_Loch_Ness_06052022_161539.csv,7,13.5,86.5
PreferenceProfile_V0001_Nairn_and_Cawdor_06052022_161539.csv,8,9.6,90.4
PreferenceProfile_V0001_Badenoch_and_Strathspey_06052022_161540.csv,8,10.3,89.7
BlackIsle_PreferenceProfile_V0001_Black_Isle_06052022_161539.csv,8,11.5,88.5
PreferenceProfile_V0001_Cromarty_Firth_06052022_161538.csv,9,11.6,88.4
PreferenceProfile_V0001_Inverness_Millburn_06052022_161539.csv,4,23.0,77.0
V0001_Thurso_and_Northwest_Caithness_06052022_161528.csv,6,18.6,81.4
PreferenceProfile_V0001_Inverness_Central_06052022_161539.csv,10,8.9,91.1
PreferenceProfile_V0001_Wick_and_East_Caithness_06052022_161532.csv,6,18.1,81.9
PreferenceProfile_V0001_Eilean_a__Che___06052022_161539.csv,9,9.8,90.2
V0001_Fort_William_and_Ardnamurchan_06052022_161540.csv,5,16.6,83.4
PreferenceProfile_V0001_Dingwall_and_Seaforth_06052022_161539.csv,7,15.2,84.8
PreferenceProfile_V0001_Tain_and_Easter_Ross_06052022_161537.csv,5,19.3,80.7
PreferenceProfile_V0001_Inverness_Ness_side_06052022_161539.csv,7,11.8,88.2
LeithWalkWard_edinburgh12-12.csv,11,3.9,96.1
Meadows_MorningsideWard_edinburgh12-10.csv,7,7.6,92.4
Fountainbridge_CraiglockhartWard_edinburgh12-09.csv,6,12.1,87.9
LeithWard_edinburgh12-13.csv,7,10.1,89.9
Liberton_GilmertonWard_edinburgh12-16.csv,8,7.5,92.5
Craigentinny_DuddingstonWard_edinburgh12-14.csv,8,6.1,93.9
AlmondWard_edinburgh12-01.csv,7,8.1,91.9
DrumBrae_GyleWard_edinburgh12-03.csv,8,6.9,93.1
PentlandHillsWard_edinburgh12-02.csv,7,8.0,92.0
ForthWard_edinburgh12-04.csv,9,5.1,94.9
Sighthill_GorgieWard_edinburgh12-07.csv,7,11.6,88.4
CityCentreWard_edinburgh12-11.csv,6,12.6,87.4
Southside_NewingtonWard_edinburgh12-15.csv,8,6.7,93.3
InverleithWard_edinburgh12-05.csv,7,8.0,92.0
Portobello_CraigmillarWard_edinburgh12-17.csv,8,6.4,93.6
Colinton_FairmileheadWard_edinburgh12-08.csv,7,6.9,93.1
Corstorphine_MurrayfieldWard_edinburgh12-06.csv,6,12.1,87.9
MidlothianWes0_midlothian12-04_cleaned.csv,9,5.7,94.3
Penicui_midlothian12-01_cleaned.csv,6,13.9,86.1
Dalkeit0_midlothian12-03_cleaned.csv,7,8.0,92.0
MidlothianSout0_midlothian12-06_cleaned.csv,5,15.2,84.8
Bonnyrig0_midlothian12-02_cleaned.csv,7,9.0,91.0
MidlothianEas0_midlothian12-05_cleaned.csv,7,7.6,92.4
Ward7-KirkintillochEast&North&Twechar_ward7.csv,5,20.4,79.6
Ward1-Milngavie_ward1.csv,6,18.1,81.9
Ward2-BearsdenNorth_ward2.csv,6,17.2,82.8
Ward5-BishopbriggsSouth_ward5.csv,6,15.7,84.3
Ward3-BearsdenSouth_ward3.csv,7,13.6,86.4
Ward6-Lenzie&KirkintillochSouth_ward6.csv,6,14.9,85.1
Ward4-BishopbriggsNorth&Campsie_ward4.csv,8,10.0,90.0
MaryfieldWard_dundee12-05.csv,7,7.8,92.2
StrathmartineWard_dundee12-01.csv,9,6.5,93.5
EastEndWard_dundee12-07.csv,7,8.5,91.5
LocheeWard_dundee12-02.csv,9,4.8,95.2
TheFerryWard_dundee12-08.csv,6,10.6,89.4
NorthEastWard_dundee12-06.csv,8,6.7,93.3
WestEndWard_dundee12-03.csv,7,8.7,91.3
ColdsideWard_dundee12-04.csv,9,4.6,95.4
Ward6-NorthEast_Ward6.csv,7,15.4,84.6
Ward7-EastEnd_Ward7.csv,7,13.4,86.6
Ward2-Lochee_Ward2.csv,9,8.7,91.3
Ward3-WestEnd_Ward3.csv,9,9.1,90.9
Ward4-Coldside_Ward4.csv,9,8.9,91.1
Ward5-Maryfield_Ward5.csv,8,11.7,88.3
Ward1-Strathmartine_Ward1.csv,9,8.8,91.2
Ward8-TheFerry_Ward8.csv,9,7.3,92.7
preferenceprofile_v0001_ward-6-stirling-east_06052022_124253.csv,8,10.3,89.7
v0001_ward-3-dunblane-and-bridge-of-allan_06052022_124253.csv,10,6.8,93.2
preferenceprofile_v0001_ward-4-stirling-north_06052022_124253.csv,7,12.0,88.0
preferenceprofile_v0001_ward-7-bannockburn_06052022_124254.csv,8,11.0,89.0
preferenceprofile_v0001_ward-1-trossachs-and-teith_06052022_124254.csv,8,10.4,89.6
preferenceprofile_v0001_ward-2-forth-and-endrick_06052022_124253.csv,8,9.5,90.5
preferenceprofile_v0001_ward-5-stirling-west_06052022_124253.csv,7,11.0,89.0
Ward19-HamiltonSouth_ward_19_hamilton_south_preference_profile.csv,5,17.2,82.8
Ward2-ClydesdaleNorth_ward_2_clydesdale_north_preference_profile.csv,5,16.3,83.7
ward_16_bothwell_and_uddingston_preference_profile.csv,6,14.8,85.2
ward_5_avondale_and_stonehouse_preference_profile.csv,7,10.1,89.9
ward_10_east_kilbride_east_preference_profile.csv,7,11.2,88.8
ward_9_east_kilbride_west_preference_profile.csv,8,8.0,92.0
Ward15-Blantyre_ward_15_blantyre_preference_profile.csv,7,13.7,86.3
ward_17_hamilton_north_and_east_preference_profile.csv,6,12.5,87.5
ward_6_east_kilbride_south_preference_profile.csv,9,8.6,91.4
ward_8_east_kilbride_central_north_preference_profile.csv,7,12.1,87.9
ward_7_east_kilbride_central_south_preference_profile.csv,9,6.8,93.2
ward_18_hamilton_west_and_earnock_preference_profile.csv,7,13.9,86.1
Ward13-CambuslangWest_ward_13_cambuslang_west_preference_profile.csv,6,15.4,84.6
Ward14-CambuslangEast_ward_14_cambuslang_east_preference_profile.csv,8,11.3,88.7
Ward20-Larkhall_ward_20_larkhall_preference_profile.csv,9,8.5,91.5
Ward1-ClydesdaleWest_ward_1_clydesdale_west_preference_profile.csv,7,12.5,87.5
Ward11-RutherglenSouth_ward_11_rutherglen_south_preference_profile.csv,7,12.1,87.9
ward_12_rutherglen_central_and_north_preference_profile.csv,7,13.3,86.7
Ward4-ClydesdaleSouth_ward_4_clydesdale_south_preference_profile.csv,8,11.0,89.0
Ward3-ClydesdaleEast_ward_3_clydesdale_east_preference_profile.csv,8,8.5,91.5
TorryFerryhillWard_aberdeen17-12.csv,10,7.7,92.3
NorthfieldMastrickNorthWard_aberdeen17-04.csv,8,9.5,90.5
DyceBucksburnDanestoneWard_aberdeen17-01.csv,7,12.6,87.4
BridgeofDonWard_aberdeen17-02.csv,9,8.6,91.4
LowerDeesideWard_aberdeen17-09.csv,8,10.0,90.0
GeorgeStHarbourWard_aberdeen17-08.csv,9,11.5,88.5
MidstocketRosemountWard_aberdeen17-07.csv,8,11.8,88.2
KingswellsSheddocksleySummerhillWard_aberdeen17-03.csv,7,10.9,89.1
AiryhallBroomhillGarthdeeWard_aberdeen17-11.csv,4,23.5,76.5
HiltonWoodsideStockethillWard_aberdeen17-05.csv,8,11.4,88.6
TillydroneSeatonOldAberdeenWard_aberdeen17-06.csv,9,8.9,91.1
KincorthNiggCoveWard_aberdeen17-13.csv,8,12.8,87.2
HazleheadQueensCrossCountesswellsWard_aberdeen17-10.csv,6,13.7,86.3
LeaderdaleandMelroseWard_sc-borders12-05.csv,6,11.8,88.2
HawickandDenholmWard_sc-borders12-10.csv,7,7.8,92.2
HawickandHermitageWard_sc-borders12-11.csv,7,8.7,91.3
EastBerwickshireWard_sc-borders12-07.csv,7,9.0,91.0
SelkirkshireWard_sc-borders12-04.csv,6,13.2,86.8
TweeddaleWestWard_sc-borders12-01.csv,6,11.6,88.4
GalashielsandDistrictWard_sc-borders12-03.csv,7,11.4,88.6
TweeddaleEastWard_sc-borders12-02.csv,6,13.3,86.7
MidBerwickshireWard_sc-borders12-06.csv,5,16.4,83.6
JedburghandDistrictWard_sc-borders12-09.csv,7,8.1,91.9
Kelso&DistrictWard_sc-borders12-08.csv,8,8.0,92.0
Ward6-Cowal_ward6.csv,7,10.8,89.2
Ward9-LomondNorth_ward9.csv,7,12.4,87.6
Ward2-KintyreandtheIslands_ward2.csv,6,12.7,87.3
Ward7-Dunoon_ward7.csv,7,14.1,85.9
Ward8-IsleofBute_ward8.csv,9,7.1,92.9
Ward5-ObanNorthandLorn_ward5.csv,8,11.8,88.2
Ward11-HelensburghandLomondSouth_ward11.csv,5,15.8,84.2
Ward4-ObanSouthandtheIsles_ward4.csv,11,7.1,92.9
Ward10-HelensburghCentral_ward10.csv,7,11.2,88.8
Ward1-SouthKintyre_ward1.csv,4,21.5,78.5
Ward3-Mid-Argyll_ward3.csv,9,9.2,90.8
Ward6-NorthIslesWard_ward6.csv,5,18.9,81.1
Ward5-EastMainlandSouthRonaldsayandBurrayWard_ward5.csv,5,18.6,81.4
Ward2-KirkwallWestandOrphirWard_ward2.csv,8,11.3,88.7
Ward1-KirkwallEastWard_ward1.csv,5,28.0,72.0
Ward3-StromnessandSouthIslesWard_ward3.csv,6,17.1,82.9
Ward4-WestMainlandWard_ward4.csv,6,16.9,83.1
Ward17-MotherwellWest_Preference Profile Ward 17 Motherwell West.csv,6,17.0,83.0
Ward4-CumbernauldEast_Preference Profile WArd 4 Cumbernauld East.csv,8,12.4,87.6
"Preference Profile Ward 5 Stepps, Chryston and Muirhead.csv",7,13.4,86.6
Ward1-Kilsyth_Preference Profile Ward 1 Kilsyth.csv,7,12.6,87.4
Ward3-CumbernauldSouth_Preference Profile Ward 3 Cumbernauld South.csv,9,7.1,92.9
Ward8-AirdrieNorth_Preference Profile Ward 8 Airdrie North.csv,8,9.9,90.1
Ward12-AirdrieSouth_Preference Profile Ward 12 Airdrie South.csv,5,18.2,81.8
Ward13-Fortissat_Preference Profile Ward 13 Fortissat.csv,7,11.5,88.5
Ward9-AirdrieCentral_Preference Profile WArd 9 Airdrie Central.csv,6,15.1,84.9
Ward21-Wishaw_Preference Profile Ward 21 Wishaw.csv,5,20.0,80.0
Preference Profile Ward 16 Mossend and Holytown.csv,6,14.9,85.1
Ward18-MotherwellNorth_Preference Profile Ward 18 Motherwell North.csv,6,17.4,82.6
Ward10-CoatbridgeWest_Preference Profile Ward 10 Coatbridge West.csv,6,17.3,82.7
Ward15-Bellshill_Preference Profile WArd 15 Bellshill.csv,7,11.5,88.5
Ward14-Thorniewood_Preference Profile WArd 14 Thorniewood.csv,5,18.2,81.8
"Preference Profile Ward 6 Gartcosh, Glenboig and Moodiesburn.csv",6,16.9,83.1
Preference Profile Ward 19 Motherwell South East and Ravenscraig.csv,8,9.0,91.0
Ward7-CoatbridgeNorth_Preference Profile WArd 7 Coatbridge North.csv,9,9.4,90.6
Ward11-CoatbridgeSouth_Preference Profile Ward 11 Coatbridge South.csv,7,14.4,85.6
Ward20-Murdostoun_Preference Profile Ward 20 Murdostoun.csv,7,14.6,85.4
Ward2-CumbernauldNorth_Preference Profile Ward 2 Cumbernauld North.csv,8,11.4,88.6
Ward10-HawickandDenholm_sc-borders17-10.csv,6,12.7,87.3
Ward1-TweeddaleWest_sc-borders17-01.csv,8,9.4,90.6
Ward3-GalashielsandDistrict_sc-borders17-03.csv,8,12.5,87.5
Ward5-LeaderdaleandMelrose_sc-borders17-05.csv,7,10.0,90.0
Ward6-MidBerwickshire_sc-borders17-06.csv,6,13.0,87.0
Ward7-EastBerwickshire_sc-borders17-07.csv,7,12.1,87.9
Ward4-Selkirkshire_sc-borders17-04.csv,9,8.9,91.1
Ward8-Kelso&District_sc-borders17-08.csv,8,9.0,91.0
Ward9-JedburghandDistrict_sc-borders17-09.csv,7,10.2,89.8
Ward11-HawickandHermitage_sc-borders17-11.csv,4,23.8,76.2
Ward2-TweeddaleEast_sc-borders17-02.csv,5,15.8,84.2
EastEnd_dundee17-07.csv,9,9.5,90.5
TheFerry_dundee17-08.csv,9,8.6,91.4
Strathmartine_dundee17-01.csv,7,15.3,84.7
Coldside_dundee17-04.csv,10,9.5,90.5
Maryfield_dundee17-05.csv,7,16.9,83.1
NorthEast_dundee17-06.csv,8,13.5,86.5
WestEnd_dundee17-03.csv,9,11.7,88.3
Lochee_dundee17-02.csv,10,9.7,90.3
Ward11-CityCentre_edinburgh17-11.csv,6,20.1,79.9
Ward2-PentlandHills_edinburgh17-02.csv,7,12.6,87.4
Ward5-Inverleith_edinburgh17-05.csv,8,10.5,89.5
Ward15-Southside-Newington_edinburgh17-15.csv,5,24.8,75.2
Ward14-Craigentinny-Duddingston_edinburgh17-14.csv,8,14.4,85.6
Ward17-Portobello-Craigmillar_edinburgh17-17.csv,7,18.6,81.4
Ward3-DrumBraeGyle_edinburgh17-03.csv,5,20.8,79.2
Ward16-Liberton-Gilmerton_edinburgh17-16.csv,7,16.0,84.0
Ward6-CorstorphineMurrayfield_edinburgh17-06.csv,7,12.9,87.1
Ward10-Morningside_edinburgh17-10.csv,6,16.0,84.0
Ward4-Forth_edinburgh17-04.csv,8,14.0,86.0
Ward13-Leith_edinburgh17-13.csv,5,27.3,72.7
Ward8-ColintonFairmilehead_edinburgh17-08.csv,6,15.5,84.5
Ward12-LeithWalk_edinburgh17-12.csv,10,15.2,84.8
Ward9-FountainbridgeCraiglockhart_edinburgh17-09.csv,6,18.9,81.1
Ward1-Almond_edinburgh17-01.csv,10,8.4,91.6
Ward7-SighthillGorgie_edinburgh17-07.csv,9,12.6,87.4
MidlothianEast_midlothian17-05.csv,6,15.3,84.7
Bonnyrigg_midlothian17-02.csv,7,12.7,87.3
MidlothianSouth_midlothian17-06.csv,7,14.1,85.9
MidlothianWest_midlothian17-04.csv,8,11.5,88.5
Penicuik_midlothian17-01.csv,6,16.3,83.7
Dalkeith_midlothian17-03.csv,7,12.8,87.2
Ward20Wishaw_n-lanarks12-20.csv,6,10.7,89.3
Ward2CumbernauldNorth_n-lanarks12-02.csv,8,5.9,94.1
Ward4AbronhillKildrumandTheVillage_n-lanarks12-04.csv,6,11.8,88.2
Ward13Thorniewood_n-lanarks12-13.csv,4,22.4,77.6
Ward16MotherwellWest_n-lanarks12-16.csv,5,15.3,84.7
Ward15MossendandHolytown_n-lanarks12-15.csv,6,10.6,89.4
Ward3CumbernauldSouth_n-lanarks12-03.csv,8,6.9,93.1
Ward18MotherwellSouthEastandRavenscraig_n-lanarks12-18.csv,9,6.0,94.0
Ward9CoatbridgeWest_n-lanarks12-09.csv,4,20.7,79.3
Ward5Strathkelvin_n-lanarks12-05.csv,7,9.2,90.8
Ward17MotherwellNorth_n-lanarks12-17.csv,7,8.1,91.9
Ward19Murdostoun_n-lanarks12-19.csv,6,11.0,89.0
Ward12Fortissat_n-lanarks12-12.csv,6,11.5,88.5
Ward11AirdrieSouth_n-lanarks12-11.csv,8,6.7,93.3
Ward6CoatbridgeNorthandGlenboig_n-lanarks12-06.csv,6,12.8,87.2
Ward1Kilsyth_n-lanarks12-01.csv,6,14.7,85.3
Ward10CoatbridgeSouth_n-lanarks12-10.csv,5,15.3,84.7
Ward7AirdrieNorth_n-lanarks12-07.csv,7,7.1,92.9
Ward14Bellshill_n-lanarks12-14.csv,6,11.1,88.9
Ward8AirdrieCentral_n-lanarks12-08.csv,6,12.7,87.3
LerwickSouth_shetland12-07.csv,7,17.3,82.7
ShetlandSouth_shetland12-05.csv,4,21.6,78.4
ShetlandNorth_shetland12-02.csv,7,16.1,83.9
NorthIsles_shetland12-01.csv,5,23.6,76.4
ShetlandCentral_shetland12-04.csv,6,21.7,78.3
LerwickNorth_shetland12-06.csv,7,11.9,88.1
ShetlandWest_shetland12-03.csv,7,27.2,72.8
FalkirkSouth_falkirk12-07.csv,7,9.8,90.2
BonnybridgeandLarbert_falkirk12-05.csv,6,11.9,88.1
Grangemouth_falkirk12-02.csv,8,7.3,92.7
FalkirkNorth_falkirk12-06.csv,5,17.6,82.4
DennyandBanknock_falkirk12-03.csv,8,8.3,91.7
LowerBraes_falkirk12-08.csv,4,22.1,77.9
"Carse,KinnairdandTryst_falkirk12-04.csv",5,17.9,82.1
Bo'nessandBlackness_falkirk12-01.csv,5,17.3,82.7
UpperBraes_falkirk12-09.csv,5,17.3,82.7
Ward8SouthsideCentral_glasgow17-008.csv,10,11.0,89.0
Ward9Calton_glasgow17-009.csv,9,10.6,89.4
Ward16Canal_glasgow17-016.csv,11,7.8,92.2
Ward3GreaterPollok_glasgow17-003.csv,10,9.5,90.5
Ward11Hillhead_glasgow17-011.csv,8,16.9,83.1
Ward2NewlandsAuldburn_glasgow17-002.csv,7,14.7,85.3
Ward13GarscaddenScotstounhill_glasgow17-013.csv,10,10.0,90.0
Ward14DrumchapelAnniesland_glasgow17-014.csv,10,10.5,89.5
Ward6Pollokshields_glasgow17-006.csv,8,14.5,85.5
Ward7Langside_glasgow17-007.csv,9,16.1,83.9
Ward17SpringburnRobroyston_glasgow17-017.csv,10,9.4,90.6
Ward1Linn_glasgow17-001.csv,12,7.8,92.2
Ward19Shettleston_glasgow17-019.csv,12,6.1,93.9
Ward21NorthEast_glasgow17-021.csv,8,12.1,87.9
Ward23PartickEastKelvindale_glasgow17-023.csv,7,17.3,82.7
Ward10AnderstonCityYorkhill_glasgow17-010.csv,9,15.8,84.2
Ward18EastCentre_glasgow17-018.csv,9,9.0,91.0
Ward4Cardonald_glasgow17-004.csv,10,8.9,91.1
Ward20Baillieston_glasgow17-020.csv,9,10.4,89.6
Ward22Dennistoun_glasgow17-022.csv,7,17.3,82.7
Ward15Maryhill_glasgow17-015.csv,7,16.4,83.6
Ward12VictoriaPark_glasgow17-012.csv,7,15.9,84.1
Ward5Govan_glasgow17-005.csv,10,11.7,88.3
Ward06-DalryandWestKilbride_n-ayrshire12-06.csv,7,8.8,91.2
Ward08-NorthCoastandCumbraes_n-ayrshire12-08.csv,6,9.9,90.1
Ward02-IrvineEast_n-ayrshire12-02.csv,10,4.4,95.6
Ward07-KilbirnieandBeith_n-ayrshire12-07.csv,8,6.6,93.4
Ward01-IrvineWest_n-ayrshire12-01.csv,9,4.9,95.1
Ward05-ArdrossanandArran_n-ayrshire12-05.csv,10,3.8,96.2
Ward04-SaltcoatsandStevenston_n-ayrshire12-04.csv,8,7.4,92.6
Ward03-Kilwinning_n-ayrshire12-03.csv,11,3.4,96.6
Ward6-Strathearn_perth-kinross17-06.csv,8,9.8,90.2
Ward10-PerthCitySouth_perth-kinross17-10.csv,8,10.5,89.5
Ward8-Kinross-shire_perth-kinross17-08.csv,8,11.7,88.3
Ward2-Strathmore_perth-kinross17-02.csv,7,11.2,88.8
Ward7-Strathallan_perth-kinross17-07.csv,8,10.5,89.5
Ward4-Highland_perth-kinross17-04.csv,6,13.1,86.9
Ward3-BlairgowrieandGlens_perth-kinross17-03.csv,6,11.6,88.4
Ward5-Strathtay_perth-kinross17-05.csv,7,12.8,87.2
Ward12-PerthCityCentre_perth-kinross17-12.csv,8,10.6,89.4
Ward1-CarseofGowrie_perth-kinross17-01.csv,6,15.0,85.0
Ward11-PerthCityNorth_perth-kinross17-11.csv,8,10.6,89.4
Ward9-AlmondandEarn_perth-kinross17-09.csv,6,11.8,88.2
Ward3ClackmannanshireCentral_ward3.csv,7,12.1,87.9
Ward4ClackmannanshireSouth_ward4.csv,7,12.9,87.1
Ward1ClackmannanshireWest_ward1.csv,7,12.7,87.3
Ward5ClackmannanshireEast_ward5.csv,7,12.5,87.5
Ward2ClackmannanshireNorth_ward2.csv,8,10.2,89.8
"Ward10-Houston,CrossleeandLinwood_renfs17-10.csv",7,14.0,86.0
"Ward9-JohnstoneNorth,Kilbarchan,HowwoodandLochwinnoch_renfs17-09.csv",10,9.4,90.6
Ward8-JohnstoneSouthandElderslie_renfs17-08.csv,7,13.2,86.8
Ward5-PaisleyEastandCentral_renfs17-05.csv,7,16.0,84.0
"Ward11-Bishopton,BridgeofWeirandLangbank_renfs17-11.csv",5,21.2,78.8
Ward12-ErskineandInchinnan_renfs17-12.csv,9,10.8,89.2
Ward4-PaisleyNorthwest_renfs17-04.csv,10,10.8,89.2
Ward2-RenfrewSouthandGallowhill_renfs17-02.csv,7,12.6,87.4
Ward1-RenfrewNorthandBraehead_renfs17-01.csv,8,11.7,88.3
Ward3-PaisleyNortheastandRalston_renfs17-03.csv,9,10.2,89.8
Ward7-PaisleySouthwest_renfs17-07.csv,7,15.4,84.6
Ward6-PaisleySoutheast_renfs17-06.csv,9,9.1,90.9
ISLEOFBUTEWARD_argyll-bute12-08.csv,6,13.5,86.5
OBANNORTHANDLORNWARD_argyll-bute12-05.csv,10,5.4,94.6
KINTYREANDTHEISLANDSWARD_argyll-bute12-02.csv,7,8.4,91.6
MIDARGYLLWARD_argyll-bute12-03.csv,6,11.5,88.5
COWALWARD_argyll-bute12-06.csv,9,5.8,94.2
HELENSBURGHANDLOMONDSOUTHWARD_argyll-bute12-11.csv,4,23.8,76.2
SOUTHKINTYREWARD_argyll-bute12-01.csv,7,9.5,90.5
DUNOONWARD_argyll-bute12-07.csv,6,12.1,87.9
LOMONDNORTHWARD_argyll-bute12-09.csv,7,12.9,87.1
OBANSOUTHANDTHEISLESWARD_argyll-bute12-04.csv,9,6.0,94.0
HELENSBURGHCENTRALWARD_argyll-bute12-10.csv,6,14.7,85.3
SgireanRubha_eilean-siar17-05.csv,6,11.7,88.3
Sgir'UigeagusCeannaTuathnanLoch_eilean-siar17-04.csv,4,23.5,76.5
SteornabhaghaDeas_eilean-siar17-06.csv,8,8.9,91.1
AnTaobhSiaragusNis_eilean-siar17-09.csv,6,21.2,78.8
"Barraigh,Bhatarsaigh,EirisgeighagusUibhistaDeas_eilean-siar17-01.csv",8,11.8,88.2
LochaTuath_eilean-siar17-08.csv,6,11.9,88.1
NaHearadhagusCeannaDeasnanLoch_eilean-siar17-03.csv,9,7.6,92.4
SteòrnabhaghaTuath_eilean-siar17-07.csv,5,19.2,80.8
BeinnnaFoghlaagusUibhistaTuath_eilean-siar17-02.csv,8,7.1,92.9
Ward3KilmarnockWestandCrosshouse_e-ayrshire12-03.csv,6,11.9,88.1
Ward1Annick_e-ayrshire12-01.csv,6,10.9,89.1
KilmarnockEastandHurlford_e-ayrshire12-04.csv,5,16.2,83.8
Ward5KilmarnockSouth_e-ayrshire12-05.csv,5,13.4,86.6
Ward9DoonValley_e-ayrshire12-09.csv,6,13.2,86.8
Ward2KilmarnockNorth_e-ayrshire12-02.csv,4,22.4,77.6
Ward7Ballochmyle_e-ayrshire12-07.csv,6,12.0,88.0
Ward8CumnockandNewCumnock_e-ayrshire12-08.csv,8,6.4,93.6
Ward6IrvineValley_e-ayrshire12-06.csv,5,15.7,84.3
Ward4-ShetlandCentral_ward-4-shetland-central-preference-profile.csv,6,17.0,83.0
Ward6-LerwickSouth_ward-6-lerwick-south-preference-profile.csv,7,22.1,77.9
Ward7-ShetlandSouth_ward-7-shetland-south-preference-profile.csv,5,22.0,78.0
ward-5-lerwick-north-and-bressay-preference-profile.csv,5,25.8,74.2
Ward3-ShetlandWest_ward-3-shetland-west-preference-profile.csv,8,8.0,92.0
Ward1ClackmannanshireWest_clacks17-001.csv,8,12.8,87.2
Ward3ClackmannanshireCentral_clacks17-003.csv,6,15.5,84.5
Ward5ClackmannanshireEast_clacks17-005.csv,6,13.3,86.7
Ward2ClackmannanshireNorth_clacks17-002.csv,8,10.6,89.4
Ward4ClackmannanshireSouth_clacks17-004.csv,7,14.3,85.7
CromartyFirthWard_highland12-07.csv,8,9.5,90.5
CaolandMallaigWard_highland12-12.csv,8,6.8,93.2
DingwallandSeaforthWard_highland12-09.csv,10,4.8,95.2
InvernessCentralWard_highland12-15.csv,7,8.3,91.7
WickWard_highland12-03.csv,5,15.9,84.1
InvernessSouthWard_highland12-20.csv,8,8.2,91.8
NorthWestandCentralSutherlandWard_highland12-01.csv,9,4.5,95.5
ThursoWard_highland12-02.csv,7,9.5,90.5
Eileana'Che�Ward_highland12-11.csv,7,7.5,92.5
InvernessWestWard_highland12-14.csv,8,8.0,92.0
NairnWard_highland12-19.csv,8,8.3,91.7
AirdandLochNessWard_highland12-13.csv,8,6.4,93.6
BlackIsleWard_highland12-10.csv,10,3.8,96.2
WesterRossStrathpefferandLochalshWard_highland12-06.csv,7,7.8,92.2
CullodenandArdersierWard_highland12-18.csv,9,6.9,93.1
LandwardCaithnessWard_highland12-04.csv,8,6.9,93.1
EastSutherlandandEddertonWard_highland12-05.csv,7,8.0,92.0
TainandEasterRossWard_highland12-08.csv,8,8.2,91.8
InvernessNess-sideWard_highland12-16.csv,7,9.8,90.2
InvernessMillburnWard_highland12-17.csv,6,11.7,88.3
FortWilliamandArdnamurchanWard_highland12-22.csv,8,7.1,92.9
BadenochandStrathspeyWard_highland12-21.csv,7,8.9,91.1
Ward13-CambuslangWest_s-lanarks12-13.csv,6,12.8,87.2
Ward20-Larkhall_s-lanarks12-20.csv,6,10.2,89.8
Ward15-Blantyre_s-lanarks12-15.csv,10,3.9,96.1
Ward1-ClydesdaleWest_s-lanarks12-01.csv,9,4.7,95.3
Ward19-HamiltonSouth_s-lanarks12-19.csv,7,8.3,91.7
Ward7-EastKilbrideCentralSouth_s-lanarks12-07.csv,6,9.8,90.2
Ward14-CambuslangEast_s-lanarks12-14.csv,6,11.5,88.5
Ward12-RutherglenCentralandNorth_s-lanarks12-12.csv,7,7.3,92.7
Ward8-EastKilbrideCentralNorth_s-lanarks12-08.csv,8,5.0,95.0
Ward17-HamiltonNorthandEast_s-lanarks12-17.csv,7,7.3,92.7
Ward9-EastKilbrideWest_s-lanarks12-09.csv,6,9.2,90.8
Ward10-EastKilbrideEast_s-lanarks12-10.csv,6,8.8,91.2
Ward6-EastKilbrideSouth_s-lanarks12-06.csv,8,6.1,93.9
Ward3-ClydesdaleEast_s-lanarks12-03.csv,6,10.5,89.5
Ward5-AvondaleandStonehouse_s-lanarks12-05.csv,11,2.8,97.2
Ward16-BothwellandUddingston_s-lanarks12-16.csv,4,18.4,81.6
Ward11-RutherglenSouth_s-lanarks12-11.csv,6,9.5,90.5
Ward4-ClydesdaleSouth_s-lanarks12-04.csv,6,11.4,88.6
Ward2-ClydesdaleNorth_s-lanarks12-02.csv,6,11.8,88.2
Ward18-HamiltonWestandEarnock_s-lanarks12-18.csv,7,7.3,92.7
Ward5-BonnybridgeandLarbert_ward5.csv,6,15.5,84.5
Ward8-LowerBraes_ward8.csv,7,12.5,87.5
Ward1-Bo'nessandBlackness_ward1.csv,6,13.8,86.2
Ward2-Grangemouth_ward2.csv,8,9.3,90.7
Ward7-FalkirkSouth_ward7.csv,6,13.0,87.0
Ward6-FalkirkNorth_ward6.csv,7,15.2,84.8
Ward3-DennyandBanknock_ward3.csv,7,14.0,86.0
Ward4-CarseKinnairdandTryst_ward4.csv,7,12.9,87.1
Ward9-UpperBraes_ward9.csv,9,9.9,90.1
Ward12-AnnandaleEastandEskdale_ward12.csv,7,10.8,89.2
Ward1-StranraerandtheRhins_ward1.csv,7,10.8,89.2
Ward3-DeeandGlenkens_ward3.csv,7,11.1,88.9
Ward7-MidandUpperNithsdale_ward7.csv,5,13.7,86.3
Ward9-Nith_ward9.csv,7,10.1,89.9
Ward10-AnnandaleSouth_ward10.csv,6,14.6,85.4
Ward2-MidGallowayandWigtownWest_ward2.csv,5,14.3,85.7
Ward8-Lochar_ward8.csv,5,18.9,81.1
Ward4-CastleDouglasandCrocketford_ward4.csv,8,9.8,90.2
Ward11-AnnandaleNorth_ward11.csv,7,9.4,90.6
Ward5-Abbey_ward5.csv,5,15.5,84.5
Ward6-NorthWestDumfries_ward6.csv,5,19.6,80.4
"Ward3-AyrNorth_south ayrshire,2022ward 3.csv",8,11.7,88.3
"Ward1-Troon_south ayrshire,2022ward 1.csv",8,8.8,91.2
"Ward4-AyrEast_south ayrshire,2022ward 4.csv",9,10.3,89.7
"Ward2-Prestwick_south ayrshire,2022ward 2.csv",8,6.9,93.1
"Ward6-Kyle_south ayrshire,2022ward 6.csv",6,11.9,88.1
"Ward7-MayboleNorthCarrickandCoylton_south ayrshire,2022ward 7.csv",6,13.6,86.4
"Ward5-AyrWest_south ayrshire,2022ward 5.csv",9,7.6,92.4
"Ward8-GirvanandSouthCarrick_south ayrshire,2022ward 8.csv",7,9.6,90.4
BearsdenSouth_e-duns12-03.csv,6,11.0,89.0
BishopbriggsNorthandTorrance_e-duns12-05.csv,5,17.2,82.8
CampsieandKirkintillochNorth_e-duns12-04.csv,5,16.2,83.8
BearsdenNorth_e-duns12-02.csv,8,6.1,93.9
BishopbriggsSouth_e-duns12-06.csv,6,12.2,87.8
KirkintillochEastandTwechar_e-duns12-08.csv,7,9.2,90.8
LenzieandKirkintillochSouth_e-duns12-07.csv,4,23.3,76.7
Milngavie_e-duns12-01.csv,4,21.8,78.2
Troon_s-ayrshire17-01.csv,6,14.1,85.9
GirvanandSouthCarrick_s-ayrshire17-08.csv,6,13.9,86.1
"Maybole,NorthCarrickandCoylton_s-ayrshire17-07.csv",5,16.0,84.0
Prestwick_s-ayrshire17-02.csv,6,12.2,87.8
AyrEast_s-ayrshire17-04.csv,5,14.8,85.2
Kyle_s-ayrshire17-06.csv,4,17.5,82.5
AyrNorth_s-ayrshire17-03.csv,6,14.5,85.5
AyrWest_s-ayrshire17-05.csv,7,7.5,92.5
V0001_Ward-14-Glenrothes-North-Leslie-and-Markinch_06052022_151925.csv,8,9.6,90.4
PreferenceProfile_V0001_Ward-7-Cowdenbeath_06052022_145532.csv,9,8.9,91.1
PreferenceProfile_V0001_Ward-2-Dunfermline-North_06052022_151927.csv,8,9.9,90.1
PreferenceProfile_V0001_Ward-10-Kirkcaldy-North_06052022_151928.csv,8,8.1,91.9
V0001_Ward-15-Glenrothes-Central-and-Thornton_06052022_145551.csv,8,9.3,90.7
PreferenceProfile_V0001_Ward-3-Dunfermline-Central_06052022_145551.csv,9,8.5,91.5
V0001_Ward-13-Glenrothes-West-and-Kinglassie_06052022_145551.csv,6,15.6,84.4
V0001_Ward-1-West-Fife-and-Coastal-Villages_06052022_145537.csv,10,7.0,93.0
Ward5-Rosyth_PreferenceProfile_V0001_Ward-5-Rosyth_06052022_145544.csv,9,9.2,90.8
V0001_Ward-16-Howe-Of-Fife-and-Tay-Coast_06052022_151928.csv,7,8.7,91.3
PreferenceProfile_V0001_Ward-11-Kirkcaldy-Central_06052022_145551.csv,7,11.4,88.6
V0001_Ward-6-Inverkeithing-and-Dalgety-Bay_06052022_151927.csv,8,10.9,89.1
V0001_Ward-21-Leven-Kennoway-and-Largo_06052022_145552.csv,8,9.1,90.9
PreferenceProfile_V0001_Ward-17-Tay-Bridgehead_06052022_145551.csv,8,11.2,88.8
PreferenceProfile_V0001_Ward-18-St.-Andrews_06052022_151928.csv,6,14.0,86.0
V0001_Ward-19-East-Neuk-and-Landward_06052022_145551.csv,8,9.4,90.6
V0001_Ward-22-Buckhaven-Methil-and-Wemyss-Villages_06052022_151928.csv,8,9.9,90.1
Ward20-Cupar_PreferenceProfile_V0001_Ward-20-Cupar_06052022_151928.csv,9,7.8,92.2
PreferenceProfile_V0001_Ward-4-Dunfermline-South_06052022_151924.csv,10,7.0,93.0
Ward-9-Burntisland-Kinghorn-and-Western-Kirkcaldy_06052022_145551.csv,9,8.0,92.0
V0001_Ward-8-Lochgelly-Cardenden-and-Benarty_06052022_151928.csv,8,12.6,87.4
PreferenceProfile_V0001_Ward-12-Kirkcaldy-East_06052022_151925.csv,8,8.8,91.2
Ward4-LivingstonSouth_West Lothian 2021 by-election Ward_4.csv,7,9.9,90.1
Ward7-WhitburnandBlackburn_West Lothian 2024 by-election Ward 7.csv,7,7.6,92.4
Ward6-CromartyFirth_Highland 2023 by-election Ward 6.csv,12,5.1,94.9
Ward3-FraserburghandDistrict_aberdeenshire 2024 by-election ward 3.csv,5,14.5,85.5
LeithWalkWard_edinburgh by-election 2015 Leith Walk.csv,10,4.3,95.7
Ward8-Colinton-Fairmilehead_Edinburgh 2024 by-election Ward 8.csv,12,2.2,97.8
East Lothian 2019 by-election Ward 5 haddington.csv,5,12.4,87.6
Ward7-FalkirkSouth_Falkirk 2021 by-election South.csv,4,20.2,79.8
clackmannanshire 2019 by-election ward 3 central.csv,6,10.7,89.3
Glasgow by-election 2021 Ward 23 Partick East-Kelvindale.csv,6,12.0,88.0
Ward1-Strathmartine_Dundee 2024 by-election Starthmartine.csv,6,12.3,87.7
Aberdeen City Torry-Ferryhill Ward by election 2019.csv,7,8.0,92.0
North Lanarkshire 2023 by-election Motherweel South East and Ravenscraig.csv,8,5.7,94.3
West Lothian 2021 by-election Ward_5.csv,6,12.6,87.4
Ward7-Strathallan_Perth and Kinross 2024 by-election Ward 7.csv,6,10.7,89.3
Ward11Hillhead_Glasgow 2023 by-election Hillhead.csv,7,12.1,87.9
Ward7-FalkirkSouth_Falkirk 2024 Ward 7 by-election.csv,7,8.8,91.2
Ward14-InvernessCentral_Highland 2024 by-election Ward 14.csv,6,11.9,88.1
Ward10-PerthCitySouth_Perth Kinross by-election 2020 South.csv,6,10.7,89.3
aberdeenshire by-election 2016 inverurie and district.csv,4,23.8,76.2
Ward2-Lochee_Dundee 2024 by-election Lochee.csv,7,9.7,90.3
Ward19-Mearns_aberdeenshire 2024 by-election ward 19.csv,5,14.5,85.5
Ward9-DoonValley_East Ayrshire by-election 2024 Ward 9.csv,7,10.4,89.6
Ward8-IsleofBute_Argyll Bute by-election Isle of Bute 2021.csv,5,12.3,87.7
Ward12-PerthCityCentre_Perth Kinross 2015 by-election Ward 12.csv,5,13.4,86.6
Ward1Linn_Glasgow 2022 Linn Ward.csv,9,5.7,94.3
Stirling 2024 August by-election ward 3.csv,6,10.5,89.5
Aberdeen_2023_by_election_Dyce_Bucksburn_Danestone.csv,8,7.6,92.4
Ward7-TainandEasterRoss_Highland 2023 by-election Ward 7.csv,7,8.5,91.5
Ward9-AlmondandEarn_Perth Kinross 2016 by-election ward 9.csv,5,14.9,85.1
Ward5-InverclydeWest_Inverclyde 2024 by-election ward 5.csv,5,12.7,87.3
Ward7-TainandEasterRoss_Highland 2024 by-election Ward 7.csv,7,8.0,92.0
Ward2-KintyreandtheIslands_Argyll and Bute 2024 by-election Ward 2.csv,5,11.9,88.1
North Lanarkshire 2024 by-election Ward 16.csv,6,8.8,91.2
Ward10-PerthCitySouth_Perth Kinross 2017 by-election Ward 10.csv,6,10.8,89.2
Ward2-Preston-Seton-Gosford_East Lothian 2022 by-election ward 2.csv,6,13.2,86.8
Ward9LomondNorth_Argyll Bute by-election 2021 Lomond North.csv,4,18.4,81.6
Aberdeenshire 2020 by-election Ellon and District.csv,5,19.0,81.0
Ward5-LeaderdaleandMelrose_Scottish Borders 2021 by-elction Ward 5.csv,7,13.6,86.4
East Ayrshire by-election 2024 Ward 3.csv,5,14.6,85.4
Ward12-EastGarioch_Aberdeenshire 2021 by-election East Garioch.csv,5,18.6,81.4
Ward12-LeithWalk_edinburgh 2019 by-election Leith Walk.csv,11,3.8,96.2
aberdeenshire by-election 2017 inverurie.csv,5,15.4,84.6
Highland 2021 by-election Fort William.csv,7,10.3,89.7
Ward13-InvernessWest_highland 2021 by-election Inverness West.csv,7,8.8,91.2
South Lanarkshire 2019 by-election East Kilbride.csv,7,8.9,91.1
Ward11-PerthCityNorth_Perth and Kinross 2024 by-election Ward 11.csv,7,10.4,89.6
Ward12-AirdandLochNess_Highland 2021 by-election Aird Ward 3.csv,6,14.8,85.2
aberdeenshire by-election 2016 Banff and District.csv,3,40.4,59.6
Ward4-CentralBuchan_aberdeenshire 2024 by-election ward 4.csv,6,12.7,87.3
Ward5-BonnybridgeandLarbert_Falkirk 2018 by-election bonnybridge.csv,5,12.3,87.7
Ward3-WickandEastCaithness_Highland 2021 by-election Wick.csv,5,15.8,84.2
Ward13‐Fortissat_North Lanarkshire 2024 by-election Ward 13.csv,6,10.1,89.9
Ward4-Highland_Perth Kinross 2018 by-election Ward 4.csv,7,9.3,90.7
Ward19-InvernessSouth_Highland 2024 by-election Ward 19.csv,8,8.9,91.1
BrechinandEdzell_angus12-02.csv,6,12.1,87.9
MonifiethandSidlaw_angus12-04.csv,6,10.3,89.7
KirriemuirandDean_angus12-01.csv,4,21.5,78.5
ArbroathEastandLunan_angus12-07.csv,6,12.7,87.3
CarnoustieandDistrict_angus12-05.csv,7,7.3,92.7
MontroseandDistrict_angus12-08.csv,6,12.8,87.2
ArbroathWestandLetham_angus12-06.csv,8,8.1,91.9
ForfarandDistrict_angus12-03.csv,7,10.7,89.3
Buckie_moray17-03.csv,4,19.8,80.2
SpeysideGlenlivet_moray17-01.csv,4,16.4,83.6
HeldonandLaich_moray17-05.csv,7,10.6,89.4
ElginCitySouth_moray17-07.csv,4,25.0,75.0
FochabersLhanbryde_moray17-04.csv,8,10.1,89.9
KeithandCullen_moray17-02.csv,5,15.9,84.1
Forres_moray17-08.csv,7,14.4,85.6
ElginCityNorth_moray17-06.csv,6,13.4,86.6
NorthIslesWard_orkney17-06.csv,8,13.8,86.2
KirkwallEastWard_orkney17-01.csv,8,12.5,87.5
KirkwallWestandOrphirWard_orkney17-02.csv,7,12.3,87.7
WestMainlandWard_orkney17-04.csv,7,11.5,88.5
"EastMainland,SouthRonaldsayandBurrayWard_orkney17-05.csv",5,18.1,81.9
Ward2-InverclydeEastCentral_PreferenceProfile_Ward-2.csv,6,15.0,85.0
Ward6-InverclydeSouthWest_PreferenceProfile_Ward-6.csv,6,16.2,83.8
Ward7-InverclydeSouth_PreferenceProfile_Ward-7.csv,5,16.1,83.9
Ward4-InverclydeNorth_PreferenceProfile_Ward-4.csv,9,8.9,91.1
Ward3-InverclydeCentral_PreferenceProfile_Ward-3.csv,6,17.5,82.5
Ward5-InverclydeWest_PreferenceProfile_Ward-5.csv,7,12.1,87.9
Ward2-InverclydeEastCentral_inverclyde12-02.csv,6,12.8,87.2
Ward6-InverclydeSouthWest_inverclyde12-06.csv,7,9.0,91.0
Ward4-InverclydeSouth_inverclyde12-04.csv,6,11.8,88.2
Ward5-InverclydeWest_inverclyde12-05.csv,7,7.8,92.2
Ward1-InverclydeEast_inverclyde12-01.csv,5,15.5,84.5
Ward3-InverclydeNorth_inverclyde12-03.csv,7,8.8,91.2
Ward11-InverurieandDistrict_aberdeenshire17-11.csv,6,14.1,85.9
Ward17-NorthKincardine_aberdeenshire17-17.csv,7,13.5,86.5
Ward7-TurriffandDistrict_aberdeenshire17-07.csv,5,21.6,78.4
Ward12-EastGarioch_aberdeenshire17-12.csv,6,19.1,80.9
Ward4-CentralBuchan_aberdeenshire17-04.csv,5,20.1,79.9
"Ward15-Aboyne,UpperDeesideandDonside_aberdeenshire17-15.csv",5,17.5,82.5
Ward16-BanchoryandMidDeeside_aberdeenshire17-16.csv,4,21.2,78.8
Ward8-MidFormartine_aberdeenshire17-08.csv,7,15.0,85.0
Ward1-BanffandDistrict_aberdeenshire17-01.csv,4,20.9,79.1
Ward6-PeterheadSouthandCruden_aberdeenshire17-06.csv,6,14.9,85.1
"Ward14-Huntly,StrathbogieandHoweofAlford_aberdeenshire17-14.csv",6,13.6,86.4
Ward3-FraserburghandDistrict_aberdeenshire17-03.csv,10,8.6,91.4
Ward2-Troup_aberdeenshire17-02.csv,6,12.6,87.4
Ward9-EllonandDistrict_aberdeenshire17-09.csv,5,23.3,76.7
Ward13-WesthillandDistrict_aberdeenshire17-13.csv,7,11.4,88.6
Ward10-WestGarioch_aberdeenshire17-10.csv,6,16.3,83.7
Ward19-Mearns_aberdeenshire17-19.csv,8,11.6,88.4
Ward18-StonehavenandLowerDeeside_aberdeenshire17-18.csv,7,13.7,86.3
Ward5-PeterheadNorthandRattray_aberdeenshire17-05.csv,6,14.2,85.8
Ward5-Hilton-Stockethill_aberdeen12-05.csv,11,3.8,96.2
Ward3-Kingswells-Sheddocksley_aberdeen12-03.csv,9,5.7,94.3
Ward8-GeorgeStreet-Harbour_aberdeen12-08.csv,11,4.9,95.1
Ward2-BridgeofDon_aberdeen12-02.csv,9,5.1,94.9
Ward1-Dyce-Bucksburn-Danestone_aberdeen12-01.csv,9,6.3,93.7
Ward12-Torry-Ferryhill_aberdeen12-12.csv,12,3.4,96.6
Ward11-Airyhall-Broomhill-Garthdee_aberdeen12-11.csv,6,11.5,88.5
Ward9-LowerDeeside_aberdeen12-09.csv,7,9.6,90.4
Ward7-Midstocket-Rosemount_aberdeen12-07.csv,7,9.0,91.0
Ward10-Hazlehead-Ashley-QueensCross_aberdeen12-10.csv,8,6.2,93.8
Ward4-Northfield_aberdeen12-04.csv,7,9.1,90.9
Ward13-Kincorth-Loirston_aberdeen12-13.csv,7,10.1,89.9
Ward6-Tillydrone-Seaton-OldAberdeen_aberdeen12-06.csv,9,5.8,94.2
Ward4-DunfermlineSouth_fife17-04.csv,7,14.9,85.1
Ward3-DunfermlineCentral_fife17-03.csv,9,10.9,89.1
Ward15-GlenrothesCentral&Thornton_fife17-15.csv,10,9.8,90.2
Ward19-EastNeuk&Landward_fife17-19.csv,7,12.6,87.4
Ward1-WestFife&CoastalVillages_fife17-01.csv,8,11.2,88.8
Ward16-HoweOfFife&TayCoast_fife17-16.csv,7,14.7,85.3
"Ward8-Lochgelly,Cardenden&Benarty_fife17-08.csv",7,12.2,87.8
Ward20-Cupar_fife17-20.csv,6,15.0,85.0
Ward10-KirkcaldyNorth_fife17-10.csv,7,13.3,86.7
Ward17-TayBridgehead_fife17-17.csv,7,14.6,85.4
Ward12-KirkcaldyEast_fife17-12.csv,9,10.2,89.8
"Ward22-Buckhaven,Methil&WemyssVillages_fife17-22.csv",10,7.1,92.9
Ward5-Rosyth_fife17-05.csv,9,11.2,88.8
"Ward9-Burntisland,Kinghorn&WesternKirkcaldy_fife17-09.csv",10,11.0,89.0
Ward2-DunfermlineNorth_fife17-02.csv,7,13.3,86.7
Ward11-KirkcaldyCentral_fife17-11.csv,9,10.1,89.9
"Ward14-GlenrothesNorth,Leslie&Markinch_fife17-14.csv",9,9.3,90.7
Ward6-Inverkeithing&DalgetyBay_fife17-06.csv,7,16.0,84.0
Ward7-Cowdenbeath_fife17-07.csv,7,14.3,85.7
Ward13-GlenrothesWest&Kinglassie_fife17-13.csv,8,10.5,89.5
"Ward21-Leven,Kennoway&Largo_fife17-21.csv",8,10.3,89.7
Ward18-StAndrews_fife17-18.csv,10,8.4,91.6
BusbyClarkstonandEagleshamWard_e-renfs12-06.csv,6,10.6,89.4
NewtonMearnsSouthWard_e-renfs12-05.csv,7,6.8,93.2
BarrheadWard_e-renfs12-02.csv,8,8.1,91.9
NeilstonUplawmoorandNewtonMearnsNorthWard_e-renfs12-01.csv,9,6.0,94.0
NetherleeStamperlandandWilliamwoodWard_e-renfs12-04.csv,5,15.4,84.6
GiffnockandThornliebankWard_e-renfs12-03.csv,5,16.9,83.1
DunbarandEastLinton_e-lothian17-06.csv,6,17.0,83.0
NorthBerwickCoastal_e-lothian17-04.csv,6,12.7,87.3
"Preston,SetonandGosford_e-lothian17-02.csv",8,9.9,90.1
"Tranent,WallyfordandMacmerry_e-lothian17-03.csv",8,9.3,90.7
Musselburgh_e-lothian17-01.csv,9,10.8,89.2
HaddingtonandLammermuir_e-lothian17-05.csv,7,11.3,88.7
"Ward2-Leven_west dunbartonshire,2022,ward 2.csv",8,11.8,88.2
"Ward5-ClydebankCentral_west dunbartonshire,2022,ward 5.csv",5,18.6,81.4
"Ward6-ClydebankWaterfront_west dunbartonshire,2022,ward 6.csv",7,13.5,86.5
"Ward1-Lomond_west dunbartonshire,2022,ward 1.csv",5,17.5,82.5
"Ward3-Dumbarton_west dunbartonshire,2022,ward 3.csv",9,6.8,93.2
"Ward4-Kilpatrick_west dunbartonshire,2022,ward 4.csv",5,17.3,82.7
Ward2‐NewtonMearnsNorthandNeilston_ward2_copy.csv,8,7.9,92.1
Ward5‐NewtonMearnsSouthandEaglesham_ward5_copy.csv,9,5.5,94.5
Ward4‐ClarkstonNetherleeandWilliamwood_ward4_copy.csv,10,6.9,93.1
Ward3‐GiffnockandThornliebank_ward3_copy.csv,7,10.1,89.9
Ward1‐BarrheadLibosideandUplawmoor_ward1_copy.csv,8,11.2,88.8
Leven_w-duns17-02.csv,8,13.2,86.8
Kilpatrick_w-duns17-04.csv,5,16.5,83.5
Lomond_w-duns17-01.csv,7,13.1,86.9
Dumbarton_w-duns17-03.csv,7,14.1,85.9
ClydebankWaterfront_w-duns17-06.csv,9,9.5,90.5
ClydebankCentral_w-duns17-05.csv,7,15.2,84.8
Hazlehead-QueensCross-CountesswellsWard_Ward10.csv,7,11.4,88.6
Kincorth-Nigg-CoveWard_Ward13.csv,8,12.8,87.2
BridgeofDonWard_Ward2.csv,8,9.8,90.2
Midstocket-RosemountWard_Ward7.csv,6,15.2,84.8
Torry-FerryhillWard_Ward12.csv,10,8.8,91.2
Tillydrone-Seaton-OldAberdeenWard_Ward6.csv,10,8.2,91.8
GeorgeSt-HarbourWard_Ward8.csv,7,16.5,83.5
Airyhall-Broomhill-GarthdeeWard_Ward11.csv,5,17.5,82.5
Northfield-MastrickNorthWard_Ward4.csv,9,11.8,88.2
Dyce-Bucksburn-DanestoneWard_Ward1.csv,8,12.0,88.0
LowerDeesideWard_Ward9.csv,7,10.6,89.4
Kingswells-Sheddocksley-SummerhillWard_Ward3.csv,7,12.5,87.5
Hilton-Woodside-StockethillWard_Ward5.csv,7,12.5,87.5
StirlingEast_stirling17-06.csv,7,13.2,86.8
ForthandEndrick_stirling17-02.csv,7,10.8,89.2
StirlingNorth_stirling17-04.csv,8,13.1,86.9
Bannockburn_stirling17-07.csv,7,14.0,86.0
StirlingWest_stirling17-05.csv,6,15.3,84.7
DunblaneandBridgeofAllan_stirling17-03.csv,7,13.6,86.4
TrossachsandTeith_stirling17-01.csv,7,12.4,87.6
LocharWard_dumgal12-09.csv,5,17.2,82.8
StranraerandNorthRhinsWard_dumgal12-01.csv,4,18.0,82.0
WigtownWestWard_dumgal12-02.csv,4,21.5,78.5
AnnandaleSouthWard_dumgal12-11.csv,7,11.4,88.6
MidGallowayWard_dumgal12-03.csv,6,10.4,89.6
CastleDouglasandGlenkensWard_dumgal12-05.csv,7,8.2,91.8
DeeWard_dumgal12-04.csv,8,7.5,92.5
MidandUpperNithsdaleWard_dumgal12-08.csv,6,10.5,89.5
NithWard_dumgal12-10.csv,8,7.5,92.5
AnnandaleEastandEskdaleWard_dumgal12-13.csv,9,5.7,94.3
NorthWestDumfriesWard_dumgal12-07.csv,5,15.8,84.2
AnnandaleNorthWard_dumgal12-12.csv,7,9.3,90.7
AbbeyWard_dumgal12-06.csv,6,10.3,89.7
LivingstonNorth_w-lothian12-03.csv,8,7.8,92.2
LivingstonSouth_w-lothian12-04.csv,7,8.6,91.4
Bathgate_w-lothian12-08.csv,9,4.1,95.9
FauldhouseandtheBriechValley_w-lothian12-06.csv,6,11.5,88.5
WhitburnandBlackburn_w-lothian12-07.csv,8,6.4,93.6
EastLivingstonandEastCalder_w-lothian12-05.csv,7,8.7,91.3
"Broxburn,UphallandWinchburgh_w-lothian12-02.csv",6,12.4,87.6
Linlithgow_w-lothian12-01.csv,6,6.2,93.8
ArmadaleandBlackridge_w-lothian12-09.csv,5,16.4,83.6
Ward6-IrvineValley_Ward6.csv,5,16.9,83.1
Ward3-KilmarnockWestandCrosshouse_Ward3.csv,7,11.5,88.5
Ward4-KilmarnockEastandHurlford_Ward4.csv,6,13.9,86.1
Ward7-Ballochmyle_Ward7.csv,6,13.9,86.1
Ward8-CumnockandNewCumnock_Ward8.csv,6,17.7,82.3
Ward9-DoonValley_Ward9.csv,6,17.2,82.8
Ward2-KilmarnockNorth_Ward2.csv,6,13.0,87.0
Ward1-Annick_Ward1.csv,6,16.6,83.4
Ward5-KilmarnockSouth_Ward5.csv,6,15.0,85.0
