,plurality,plurality_runoff,IRV,smith_irv,smith_plurality,minimax,smith_minimax,ranked_pairs,Borda_PM,Borda_OM,Borda_AVG,bucklin,TVR_PM,TVR_OM,TVR_AVG,diversity_score_threshold,friendly_fire_inst,friendly_fire_seq_smith,friendly_fire_inst_smith,friendly_fire_inst_smith_exp
upMono,-1,6620,6763,-1,-1,-1,-1,-1,-1,-1,-1,-1,-1,-1,-1,-1,-1,-1,-1,-1
downMono,-1,1404,1616,-1,-1,-1,-1,-1,-1,-1,-1,-1,-1,-1,-1,-1,-1,-1,-1,-1
noShow,-1,1893,2351,326,908,-1,-1,-1,-1,-1,-1,227,-1,-1,-1,-1,-1,-1,-1,-1
laterNoHarm,0,0,0,14976,14924,14538,14540,14951,14938,14927,14968,14897,14981,14989,14966,14980,14994,15000,14998,14999
strat_compromise,14923,14802,14973,14979,14953,14436,14438,14849,14725,13946,14852,3069,14932,8949,14867,14926,14972,14866,14984,14981
strat_truncate_L,0,0,0,1062,1876,2367,2370,4621,14347,0,2249,14897,9186,0,8596,270,0,2,24,24
strat_truncate_W,0,0,0,1031,898,6720,6735,8968,14230,0,5707,14880,8815,3485,11964,307,396,433,523,508
strat_bury_shallow,0,0,0,1202,1476,6816,6827,10066,8148,3048,4341,10148,9789,9501,13004,340,725,201,480,675
strat_bury_deep,0,0,0,1122,4281,10965,10894,14219,165,12026,2442,294,12913,14770,14850,738,4860,1493,1974,2218
