file,first_flip_percent,method
Cambridge_11062007_SchoolCommittee.csv,0.1,AVG
Cambridge_11082005_SchoolCommittee.csv,0.1,AVG
LasCruces_11052019_MAYORCITYOFLASCRUCES.csv,0.1,AVG
Lehi_11022021_CityCouncil.csv,0.1,AVG
Portland_06082021_charter_commission_at_large.csv,0.1,AVG
Vineyard_11052019_CityCouncil.csv,0.1,AVG
NewYorkCity_06222021_DEMCouncilMember49thCouncilDistrict.csv,0.3,AVG
Springville_11022021_CityCouncil4yr.csv,0.3,AVG
NewYorkCity_06222021_DEMCouncilMember15thCouncilDistrict.csv,0.4,AVG
NewYorkCity_06222021_DEMCouncilMember18thCouncilDistrict.csv,0.4,AVG
NewYorkCity_06222021_DEMCouncilMember1stCouncilDistrict.csv,0.4,AVG
NewYorkCity_06222021_DEMCouncilMember20thCouncilDistrict.csv,0.4,AVG
NewYorkCity_06222021_DEMCouncilMember25thCouncilDistrict.csv,0.4,AVG
NewYorkCity_06222021_DEMCouncilMember46thCouncilDistrict.csv,0.4,AVG
Portland_06142022_SchoolboardAL-1.csv,0.4,AVG
Cambridge_11062007_SchoolCommittee.csv,0.1,OM
Cambridge_11082005_SchoolCommittee.csv,0.1,OM
LasCruces_11052019_MAYORCITYOFLASCRUCES.csv,0.1,OM
Lehi_11022021_CityCouncil.csv,0.1,OM
Portland_06082021_charter_commission_at_large.csv,0.1,OM
Vineyard_11052019_CityCouncil.csv,0.1,OM
Alaska_11052024_StateHouseD18.csv,0.2,OM
Alaska_11052024_StateHouseD6.csv,0.2,OM
Alaska_11052024_US_House.csv,0.2,OM
Alaska_11082022_HouseDistrict15.csv,0.2,OM
SanFrancisco_11052024_BoS_D11.csv,0.2,OM
Alaska_11052024_StateHouseD11.csv,0.3,OM
Alaska_11052024_StateHouseD15.csv,0.3,OM
Alaska_11052024_StateHouseD27.csv,0.3,OM
Alaska_11052024_StateHouseD28.csv,0.3,OM
Alaska_11052024_StateSenateF.csv,0.3,OM
Alaska_11052024_StateSenateP.csv,0.3,OM
Alaska_11082022_HouseDistrict11.csv,0.3,OM
Alaska_11082022_HouseDistrict21.csv,0.3,OM
Alaska_11082022_HouseDistrict22.csv,0.3,OM
Alaska_11082022_HouseDistrict6.csv,0.3,OM
Alaska_11082022_SenateDistrictH.csv,0.3,OM
Maine_11062018_CongressionalDistrict2.csv,0.3,OM
Minneapolis_08112020_Ward6CityCouncilSpecialElection.csv,0.3,OM
Minneapolis_11022021_CityCouncilWard2.csv,0.3,OM
Minneapolis_11072017_ParkBoardAtLarge.csv,0.3,OM
Minneapolis_11072017_Ward6CityCouncil.csv,0.3,OM
NewYorkCity_06222021_DEMCouncilMember18thCouncilDistrict.csv,0.3,OM
NewYorkCity_06222021_DEMCouncilMember25thCouncilDistrict.csv,0.3,OM
NewYorkCity_06222021_DEMCouncilMember49thCouncilDistrict.csv,0.3,OM
NewYorkCity_06222021_REPCouncilMember50thCouncilDistrict.csv,0.3,OM
Oakland_11022010_Mayor.csv,0.3,OM
PierceCounty_11042008_CountyAssessorTreasurer.csv,0.3,OM
SanFrancisco_11022010_BoardofSupervisorsDistrict2.csv,0.3,OM
SanFrancisco_11032020_BOARDOFSUPERVISORSDISTRICT1.csv,0.3,OM
SanFrancisco_11062012_BoardofSupervisorsDistrict7.csv,0.3,OM
SanLeandro_11022010_Mayor.csv,0.3,OM
Springville_11022021_CityCouncil4yr.csv,0.3,OM
Alaska_08162022_HouseofRepresentativesSpecial.csv,0.4,OM
Alaska_11052024_StateHouseD13.csv,0.4,OM
Alaska_11052024_StateHouseD21.csv,0.4,OM
Alaska_11052024_StateHouseD22.csv,0.4,OM
Alaska_11052024_StateHouseD31.csv,0.4,OM
Alaska_11052024_StateHouseD35.csv,0.4,OM
Alaska_11052024_StateHouseD36.csv,0.4,OM
Alaska_11052024_StateHouseD8.csv,0.4,OM
Alaska_11052024_StateHouseD9.csv,0.4,OM
Alaska_11052024_StateSenateH.csv,0.4,OM
Alaska_11052024_StateSenateR.csv,0.4,OM
Alaska_11082022_HouseDistrict1.csv,0.4,OM
Alaska_11082022_HouseDistrict10.csv,0.4,OM
Alaska_11082022_HouseDistrict13.csv,0.4,OM
Alaska_11082022_HouseDistrict16.csv,0.4,OM
Alaska_11082022_HouseDistrict18.csv,0.4,OM
Alaska_11082022_HouseDistrict34.csv,0.4,OM
Alaska_11082022_HouseDistrict39.csv,0.4,OM
Alaska_11082022_HouseDistrict7.csv,0.4,OM
Alaska_11082022_HouseDistrict9.csv,0.4,OM
Alaska_11082022_SenateDistrictF.csv,0.4,OM
Alaska_11082022_SenateDistrictO.csv,0.4,OM
Alaska_11082022_USSenator.csv,0.4,OM
Berkeley_11042014_CityCouncilDistrict8.csv,0.4,OM
Bloomington_11072023_SpecialCityCouncilAtLarge.csv,0.4,OM
Maine_11082022_CongressionalDistrict2.csv,0.4,OM
Minneapolis_11062009_MinneapolisParkRecBoard.csv,0.4,OM
Minneapolis_11062009_PRBoardDistrict5.csv,0.4,OM
Minneapolis_11072017_PRBoardDistrict4.csv,0.4,OM
Minneapolis_11072017_PRBoardDistrict6.csv,0.4,OM
Minneapolis_11072017_Ward4CityCouncil.csv,0.4,OM
Minneapolis_11072023_CityCouncilWard7.csv,0.4,OM
Minneapolis_11072023_CityCouncilWard8.csv,0.4,OM
NewYorkCity_06222021_DEMBoroughPresidentQueens.csv,0.4,OM
NewYorkCity_06222021_DEMCouncilMember15thCouncilDistrict.csv,0.4,OM
NewYorkCity_06222021_DEMCouncilMember1stCouncilDistrict.csv,0.4,OM
NewYorkCity_06222021_DEMCouncilMember20thCouncilDistrict.csv,0.4,OM
NewYorkCity_06222021_DEMCouncilMember23rdCouncilDistrict.csv,0.4,OM
NewYorkCity_06222021_DEMCouncilMember32ndCouncilDistrict.csv,0.4,OM
NewYorkCity_06222021_DEMCouncilMember46thCouncilDistrict.csv,0.4,OM
NewYorkCity_06222021_REPBoroughPresidentRichmond.csv,0.4,OM
NewYorkCity_06222021_REPCouncilMember19thCouncilDistrict.csv,0.4,OM
Oakland_11042014_CityCouncilDistrict2.csv,0.4,OM
Oakland_11042014_CityCouncilDistrict6.csv,0.4,OM
Oakland_11062012_CityCouncilDistrict1.csv,0.4,OM
Oakland_11062012_CityCouncilDistrict3.csv,0.4,OM
Oakland_11082016_SchoolDirectorDistrict5.csv,0.4,OM
Oakland_11082022_Schoolboarddistrict4.csv,0.4,OM
PierceCounty_11042008_CountyExecutiveMember.csv,0.4,OM
Portland_06142022_SchoolboardAL-1.csv,0.4,OM
SanFrancisco_06052018_Mayor.csv,0.4,OM
SanFrancisco_11022010_BoardofSupervisorsDistrict6.csv,0.4,OM
SanFrancisco_11042008_BoardofSupervisorsDistrict1.csv,0.4,OM
SanFrancisco_11042008_BoardofSupervisorsDistrict11.csv,0.4,OM
SanFrancisco_11052004_BoardofSupervisorsDistrict1.csv,0.4,OM
SanFrancisco_11052019_DistrictAttorney.csv,0.4,OM
SanFrancisco_11052024_BoS_D1.csv,0.4,OM
SanFrancisco_11052024_BoS_D5.csv,0.4,OM
SanFrancisco_11052024_BoS_D7.csv,0.4,OM
SanFrancisco_11062018_BoardofSupervisorsDistrict2.csv,0.4,OM
SanFrancisco_11072006_BoardofSupervisorsDistrict4.csv,0.4,OM
SanFrancisco_11072006_BoardofSupervisorsDistrict6.csv,0.4,OM
SanFrancisco_11082016_BoardofSupervisorsDistrict1.csv,0.4,OM
SanFrancisco_11082016_BoardofSupervisorsDistrict11.csv,0.4,OM
SanFrancisco_11082016_BoardofSupervisorsDistrict5.csv,0.4,OM
SanFrancisco_11082022_BoardofSupervisorsD4.csv,0.4,OM
APA 1999.csv,0.5,OM
APA 2005.csv,0.5,OM
APA 2007.csv,0.5,OM
APA 2009.csv,0.5,OM
APA 2018 BOD race2.csv,0.5,OM
APA 2020 BOD race2.csv,0.5,OM
Alaska_11052024_StateHouseD16.csv,0.5,OM
Alaska_11052024_StateHouseD30.csv,0.5,OM
Alaska_11052024_StateHouseD34.csv,0.5,OM
Alaska_11052024_StateHouseD38.csv,0.5,OM
Alaska_11052024_StateSenateD.csv,0.5,OM
Alaska_11052024_StateSenateL.csv,0.5,OM
Alaska_11082022_GovernorLieutenantGovernor.csv,0.5,OM
Alaska_11082022_SenateDistrictD.csv,0.5,OM
Alaska_11082022_SenateDistrictG.csv,0.5,OM
Alaska_11082022_SenateDistrictP.csv,0.5,OM
Alaska_11082022_USRepresentative.csv,0.5,OM
Berkeley_05282024_Citycouncildistrict4specialelection.csv,0.5,OM
Berkeley_11052024_Mayor.csv,0.5,OM
Berkeley_11062012_CityCouncilDistrict5.csv,0.5,OM
Berkeley_11082016_CityCouncilDistrict2.csv,0.5,OM
Bloomington_11072023_CityCouncilDistrict4.csv,0.5,OM
Burlington_03052024_Mayor.csv,0.5,OM
Burlington_03072023_CityCouncilEastDistrict.csv,0.5,OM
Corvallis_11082022_Mayor.csv,0.5,OM
Minneapolis_11022021_CityCouncilWard1.csv,0.5,OM
Minneapolis_11022021_CityCouncilWard3.csv,0.5,OM
Minneapolis_11022021_ParkBoardDistrict6.csv,0.5,OM
Minneapolis_11052013_Ward13CityCouncil.csv,0.5,OM
Minneapolis_11052013_Ward9CityCouncil.csv,0.5,OM
Minneapolis_11062009_PRBoardDistrict6.csv,0.5,OM
Minneapolis_11062009_Ward5CityCouncil.csv,0.5,OM
Minneapolis_11072017_Ward1CityCouncil.csv,0.5,OM
Minneapolis_11072017_Ward3CityCouncil.csv,0.5,OM
Minnetonka_11072023_CityCouncilWard3.csv,0.5,OM
Minnetonka_11072023_CityCouncilWard4.csv,0.5,OM
NewYorkCity_06222021_DEMBoroughPresidentBronx.csv,0.5,OM
NewYorkCity_06222021_DEMBoroughPresidentNewYork.csv,0.5,OM
NewYorkCity_06222021_DEMCouncilMember19thCouncilDistrict.csv,0.5,OM
NewYorkCity_06222021_DEMCouncilMember30thCouncilDistrict.csv,0.5,OM
NewYorkCity_06222021_DEMCouncilMember35thCouncilDistrict.csv,0.5,OM
NewYorkCity_06222021_DEMCouncilMember42ndCouncilDistrict.csv,0.5,OM
NewYorkCity_06222021_REPCouncilMember15thCouncilDistrict.csv,0.5,OM
Oakland_11032020_MemberCityCouncilAtLargeOaklandRCV.csv,0.5,OM
Oakland_11042014_SchoolDirectorDistrict4.csv,0.5,OM
Oakland_11052024_CityCouncilD7.csv,0.5,OM
Oakland_11052024_School_Director_D3.csv,0.5,OM
Oakland_11052024_School_Director_D5.csv,0.5,OM
Oakland_11062012_CityCouncilDistrict5.csv,0.5,OM
Oakland_11062012_SchoolDirectorDistrict5.csv,0.5,OM
Oakland_11062018_CityCouncilDistrict4.csv,0.5,OM
Oakland_11082016_SchoolDirectorDistrict3.csv,0.5,OM
SanFrancisco_11022010_BoardofSupervisorsDistrict8.csv,0.5,OM
SanFrancisco_11032015_BoardofSupervisorsDistrict3.csv,0.5,OM
SanFrancisco_11062012_BoardofSupervisorsDistrict5.csv,0.5,OM
SanFrancisco_11082011_DistrictAttorney.csv,0.5,OM
SanFrancisco_11082011_Sheriff.csv,0.5,OM
SanFrancisco_11082022_BoardofSupervisorsD6.csv,0.5,OM
SanFrancisco_11082022_DistrictAttorney.csv,0.5,OM
SanLeandro_11022010_CountyCouncilDistrict5.csv,0.5,OM
SanLeandro_11062012_CountyCouncilDistrict2.csv,0.5,OM
SanLeandro_11062018_CountyCouncilDistrict3.csv,0.5,OM
TakomaPark_11082022_CityCouncilWard6.csv,0.5,OM
Cambridge_11062007_SchoolCommittee.csv,0.1,PM
Cambridge_11082005_SchoolCommittee.csv,0.1,PM
LasCruces_11052019_MAYORCITYOFLASCRUCES.csv,0.1,PM
Lehi_11022021_CityCouncil.csv,0.1,PM
Portland_06082021_charter_commission_at_large.csv,0.1,PM
Vineyard_11052019_CityCouncil.csv,0.1,PM
NewYorkCity_06222021_DEMCouncilMember49thCouncilDistrict.csv,0.3,PM
Springville_11022021_CityCouncil4yr.csv,0.3,PM
NewYorkCity_06222021_DEMCouncilMember15thCouncilDistrict.csv,0.4,PM
NewYorkCity_06222021_DEMCouncilMember18thCouncilDistrict.csv,0.4,PM
NewYorkCity_06222021_DEMCouncilMember1stCouncilDistrict.csv,0.4,PM
NewYorkCity_06222021_DEMCouncilMember20thCouncilDistrict.csv,0.4,PM
NewYorkCity_06222021_DEMCouncilMember25thCouncilDistrict.csv,0.4,PM
NewYorkCity_06222021_DEMCouncilMember46thCouncilDistrict.csv,0.4,PM
Portland_06142022_SchoolboardAL-1.csv,0.4,PM
