file,percent,rows,all_agree_pct,om_avg_agree_pct,om_pm_agree_pct,avg_pm_agree_pct
Ballina-mayoral-finalpreferencedatafile 1,0.0,6,100.0,100.0,100.0,100.0
Ballina-mayoral-finalpreferencedatafile 1,0.1,5,100.0,100.0,100.0,100.0
Ballina-mayoral-finalpreferencedatafile 1,0.2,5,100.0,100.0,100.0,100.0
Ballina-mayoral-finalpreferencedatafile 1,0.3,5,100.0,100.0,100.0,100.0
Ballina-mayoral-finalpreferencedatafile 1,0.4,5,100.0,100.0,100.0,100.0
Ballina-mayoral-finalpreferencedatafile 1,0.5,4,100.0,100.0,100.0,100.0
Bellingen-mayoral-finalpreferencedatafile 1,0.0,4,100.0,100.0,100.0,100.0
Bellingen-mayoral-finalpreferencedatafile 1,0.1,3,100.0,100.0,100.0,100.0
Bellingen-mayoral-finalpreferencedatafile 1,0.2,3,100.0,100.0,100.0,100.0
Bellingen-mayoral-finalpreferencedatafile 1,0.3,3,100.0,100.0,100.0,100.0
Bellingen-mayoral-finalpreferencedatafile 1,0.4,3,100.0,100.0,100.0,100.0
Bellingen-mayoral-finalpreferencedatafile 1,0.5,2,100.0,100.0,100.0,100.0
Burwood-mayoral-finalpreferencedatafile,0.0,5,100.0,100.0,100.0,100.0
Burwood-mayoral-finalpreferencedatafile,0.1,4,100.0,100.0,100.0,100.0
Burwood-mayoral-finalpreferencedatafile,0.2,4,100.0,100.0,100.0,100.0
Burwood-mayoral-finalpreferencedatafile,0.3,4,100.0,100.0,100.0,100.0
Burwood-mayoral-finalpreferencedatafile,0.4,4,100.0,100.0,100.0,100.0
Burwood-mayoral-finalpreferencedatafile,0.5,3,100.0,100.0,100.0,100.0
City_of_Broken_Hill-mayoral-finalpreferencedatafile,0.0,4,100.0,100.0,100.0,100.0
City_of_Broken_Hill-mayoral-finalpreferencedatafile,0.1,3,100.0,100.0,100.0,100.0
City_of_Broken_Hill-mayoral-finalpreferencedatafile,0.2,3,100.0,100.0,100.0,100.0
City_of_Broken_Hill-mayoral-finalpreferencedatafile,0.3,3,100.0,100.0,100.0,100.0
City_of_Broken_Hill-mayoral-finalpreferencedatafile,0.4,3,100.0,100.0,100.0,100.0
City_of_Broken_Hill-mayoral-finalpreferencedatafile,0.5,2,100.0,100.0,100.0,100.0
City_of_Cessnock-mayoral-finalpreferencedatafile,0.0,5,100.0,100.0,100.0,100.0
City_of_Cessnock-mayoral-finalpreferencedatafile,0.1,4,100.0,100.0,100.0,100.0
City_of_Cessnock-mayoral-finalpreferencedatafile,0.2,4,100.0,100.0,100.0,100.0
City_of_Cessnock-mayoral-finalpreferencedatafile,0.3,4,100.0,100.0,100.0,100.0
City_of_Cessnock-mayoral-finalpreferencedatafile,0.4,4,100.0,100.0,100.0,100.0
City_of_Cessnock-mayoral-finalpreferencedatafile,0.5,3,100.0,100.0,100.0,100.0
City_of_Griffith-mayoral-finalpreferencedatafile,0.0,6,100.0,100.0,100.0,100.0
City_of_Griffith-mayoral-finalpreferencedatafile,0.1,5,100.0,100.0,100.0,100.0
City_of_Griffith-mayoral-finalpreferencedatafile,0.2,5,100.0,100.0,100.0,100.0
City_of_Griffith-mayoral-finalpreferencedatafile,0.3,5,100.0,100.0,100.0,100.0
City_of_Griffith-mayoral-finalpreferencedatafile,0.4,5,100.0,100.0,100.0,100.0
City_of_Griffith-mayoral-finalpreferencedatafile,0.5,4,100.0,100.0,100.0,100.0
City_of_Lake_Macquarie-mayoral-finalpreferencedatafile,0.0,5,100.0,100.0,100.0,100.0
City_of_Lake_Macquarie-mayoral-finalpreferencedatafile,0.1,4,100.0,100.0,100.0,100.0
City_of_Lake_Macquarie-mayoral-finalpreferencedatafile,0.2,4,100.0,100.0,100.0,100.0
City_of_Lake_Macquarie-mayoral-finalpreferencedatafile,0.3,4,100.0,100.0,100.0,100.0
City_of_Lake_Macquarie-mayoral-finalpreferencedatafile,0.4,4,100.0,100.0,100.0,100.0
City_of_Lake_Macquarie-mayoral-finalpreferencedatafile,0.5,3,100.0,100.0,100.0,100.0
City_of_Lismore-mayoral-finalpreferencedatafile,0.0,7,100.0,100.0,100.0,100.0
City_of_Lismore-mayoral-finalpreferencedatafile,0.1,6,100.0,100.0,100.0,100.0
City_of_Lismore-mayoral-finalpreferencedatafile,0.2,6,100.0,100.0,100.0,100.0
City_of_Lismore-mayoral-finalpreferencedatafile,0.3,6,100.0,100.0,100.0,100.0
City_of_Lismore-mayoral-finalpreferencedatafile,0.4,6,100.0,100.0,100.0,100.0
City_of_Lismore-mayoral-finalpreferencedatafile,0.5,5,100.0,100.0,100.0,100.0
City_of_Liverpool-mayoral-finalpreferencedatafile,0.0,6,100.0,100.0,100.0,100.0
City_of_Liverpool-mayoral-finalpreferencedatafile,0.1,5,100.0,100.0,100.0,100.0
City_of_Liverpool-mayoral-finalpreferencedatafile,0.2,5,100.0,100.0,100.0,100.0
City_of_Maitland-mayoral-finalpreferencedatafile,0.0,8,100.0,100.0,100.0,100.0
City_of_Maitland-mayoral-finalpreferencedatafile,0.1,7,100.0,100.0,100.0,100.0
City_of_Maitland-mayoral-finalpreferencedatafile,0.2,7,100.0,100.0,100.0,100.0
City_of_Newcastle-mayoral-finalpreferencedatafile,0.0,7,100.0,100.0,100.0,100.0
City_of_Newcastle-mayoral-finalpreferencedatafile,0.1,6,100.0,100.0,100.0,100.0
City_of_Newcastle-mayoral-finalpreferencedatafile,0.2,6,100.0,100.0,100.0,100.0
City_of_Newcastle-mayoral-finalpreferencedatafile,0.3,6,100.0,100.0,100.0,100.0
City_of_Newcastle-mayoral-finalpreferencedatafile,0.4,6,100.0,100.0,100.0,100.0
City_of_Newcastle-mayoral-finalpreferencedatafile,0.5,5,100.0,100.0,100.0,100.0
City_of_Orange-mayoral-finalpreferencedatafile,0.0,8,100.0,100.0,100.0,100.0
City_of_Orange-mayoral-finalpreferencedatafile,0.1,7,100.0,100.0,100.0,100.0
City_of_Shellharbour-mayoral-finalpreferencedatafile,0.0,3,100.0,100.0,100.0,100.0
City_of_Shellharbour-mayoral-finalpreferencedatafile,0.1,2,100.0,100.0,100.0,100.0
City_of_Shellharbour-mayoral-finalpreferencedatafile,0.2,2,100.0,100.0,100.0,100.0
City_of_Shoalhaven-mayoral-finalpreferencedatafile,0.0,7,100.0,100.0,100.0,100.0
City_of_Shoalhaven-mayoral-finalpreferencedatafile,0.1,6,100.0,100.0,100.0,100.0
City_of_Shoalhaven-mayoral-finalpreferencedatafile,0.2,6,100.0,100.0,100.0,100.0
City_of_Sydney-mayoral-finalpreferencedatafile,0.0,7,100.0,100.0,100.0,100.0
City_of_Sydney-mayoral-finalpreferencedatafile,0.1,6,100.0,100.0,100.0,100.0
City_of_Sydney-mayoral-finalpreferencedatafile,0.2,6,100.0,100.0,100.0,100.0
City_of_Sydney-mayoral-finalpreferencedatafile,0.3,6,100.0,100.0,100.0,100.0
City_of_Sydney-mayoral-finalpreferencedatafile,0.4,6,100.0,100.0,100.0,100.0
City_of_Sydney-mayoral-finalpreferencedatafile,0.5,5,100.0,100.0,100.0,100.0
City_of_Willoughby-mayoral-finalpreferencedatafile,0.0,4,100.0,100.0,100.0,100.0
City_of_Willoughby-mayoral-finalpreferencedatafile,0.1,3,100.0,100.0,100.0,100.0
City_of_Willoughby-mayoral-finalpreferencedatafile,0.2,3,100.0,100.0,100.0,100.0
City_of_Willoughby-mayoral-finalpreferencedatafile,0.3,3,100.0,100.0,100.0,100.0
City_of_Willoughby-mayoral-finalpreferencedatafile,0.4,3,100.0,100.0,100.0,100.0
City_of_Wollongong-mayoral-finalpreferencedatafile,0.0,7,100.0,100.0,100.0,100.0
City_of_Wollongong-mayoral-finalpreferencedatafile,0.1,6,100.0,100.0,100.0,100.0
City_of_Wollongong-mayoral-finalpreferencedatafile,0.2,6,100.0,100.0,100.0,100.0
Eurobodalla-mayoral-finalpreferencedatafile,0.0,8,100.0,100.0,100.0,100.0
Eurobodalla-mayoral-finalpreferencedatafile,0.1,7,100.0,100.0,100.0,100.0
Eurobodalla-mayoral-finalpreferencedatafile,0.2,7,100.0,100.0,100.0,100.0
Eurobodalla-mayoral-finalpreferencedatafile,0.3,7,100.0,100.0,100.0,100.0
Eurobodalla-mayoral-finalpreferencedatafile,0.5,6,100.0,100.0,100.0,100.0
Hornsby-mayoral-finalpreferencedatafile,0.0,3,100.0,100.0,100.0,100.0
Hornsby-mayoral-finalpreferencedatafile,0.1,2,100.0,100.0,100.0,100.0
Hornsby-mayoral-finalpreferencedatafile,0.2,2,100.0,100.0,100.0,100.0
Hornsby-mayoral-finalpreferencedatafile,0.3,2,100.0,100.0,100.0,100.0
Hunters_Hill-mayoral-finalpreferencedatafile,0.0,5,100.0,100.0,100.0,100.0
Hunters_Hill-mayoral-finalpreferencedatafile,0.1,4,100.0,100.0,100.0,100.0
Hunters_Hill-mayoral-finalpreferencedatafile,0.2,4,100.0,100.0,100.0,100.0
Hunters_Hill-mayoral-finalpreferencedatafile,0.3,4,100.0,100.0,100.0,100.0
Hunters_Hill-mayoral-finalpreferencedatafile,0.4,4,100.0,100.0,100.0,100.0
Kempsey-mayoral-finalpreferencedatafile,0.0,8,100.0,100.0,100.0,100.0
Kempsey-mayoral-finalpreferencedatafile,0.1,7,100.0,100.0,100.0,100.0
Nambucca_Valley-mayoral-finalpreferencedatafile,0.0,3,100.0,100.0,100.0,100.0
Nambucca_Valley-mayoral-finalpreferencedatafile,0.1,2,100.0,100.0,100.0,100.0
Nambucca_Valley-mayoral-finalpreferencedatafile,0.2,2,100.0,100.0,100.0,100.0
Nambucca_Valley-mayoral-finalpreferencedatafile,0.3,2,100.0,100.0,100.0,100.0
Nambucca_Valley-mayoral-finalpreferencedatafile,0.4,2,100.0,100.0,100.0,100.0
Nambucca_Valley-mayoral-finalpreferencedatafile,0.5,1,100.0,100.0,100.0,100.0
Port_Macquarie-Hastings-mayoral-finalpreferencedatafile,0.0,6,100.0,100.0,100.0,100.0
Port_Macquarie-Hastings-mayoral-finalpreferencedatafile,0.1,5,100.0,100.0,100.0,100.0
Port_Macquarie-Hastings-mayoral-finalpreferencedatafile,0.2,5,100.0,100.0,100.0,100.0
Port_Macquarie-Hastings-mayoral-finalpreferencedatafile,0.3,5,100.0,100.0,100.0,100.0
Port_Macquarie-Hastings-mayoral-finalpreferencedatafile,0.4,5,100.0,100.0,100.0,100.0
Port_Macquarie-Hastings-mayoral-finalpreferencedatafile,0.5,4,100.0,100.0,100.0,100.0
Port_Stephens-mayoral-finalpreferencedatafile,0.0,3,100.0,100.0,100.0,100.0
Richmond_Valley-mayoral-finalpreferencedatafile,0.0,3,100.0,100.0,100.0,100.0
Richmond_Valley-mayoral-finalpreferencedatafile,0.1,2,100.0,100.0,100.0,100.0
Richmond_Valley-mayoral-finalpreferencedatafile,0.2,2,100.0,100.0,100.0,100.0
Richmond_Valley-mayoral-finalpreferencedatafile,0.3,2,100.0,100.0,100.0,100.0
Richmond_Valley-mayoral-finalpreferencedatafile,0.4,2,100.0,100.0,100.0,100.0
Richmond_Valley-mayoral-finalpreferencedatafile,0.5,8,100.0,100.0,100.0,100.0
SB1701 LA Pref Data_NA_Gosford,0.0,7,100.0,100.0,100.0,100.0
SB1701 LA Pref Data_NA_Gosford,0.1,6,100.0,100.0,100.0,100.0
SB1701 LA Pref Data_NA_Gosford,0.2,6,100.0,100.0,100.0,100.0
SB1701 LA Pref Data_NA_Gosford,0.3,6,100.0,100.0,100.0,100.0
SB1701 LA Pref Data_NA_Gosford,0.4,6,100.0,100.0,100.0,100.0
SB1701 LA Pref Data_NA_Gosford,0.5,5,100.0,100.0,100.0,100.0
SB1702 LA Pref Data_NA_Blacktown,0.0,5,100.0,100.0,100.0,100.0
SB1702 LA Pref Data_NA_Blacktown,0.1,4,100.0,100.0,100.0,100.0
SB1702 LA Pref Data_NA_Blacktown,0.2,4,100.0,100.0,100.0,100.0
SB1702 LA Pref Data_NA_Blacktown,0.3,4,100.0,100.0,100.0,100.0
SB1702 LA Pref Data_NA_Blacktown,0.4,4,100.0,100.0,100.0,100.0
SB1702 LA Pref Data_NA_Blacktown,0.5,3,100.0,100.0,100.0,100.0
SB1702 LA Pref Data_NA_Cootamundra,0.0,7,100.0,100.0,100.0,100.0
SB1702 LA Pref Data_NA_Cootamundra,0.1,6,100.0,100.0,100.0,100.0
SB1702 LA Pref Data_NA_Cootamundra,0.2,6,100.0,100.0,100.0,100.0
SB1702 LA Pref Data_NA_Cootamundra,0.3,6,100.0,100.0,100.0,100.0
SB1702 LA Pref Data_NA_Cootamundra,0.4,6,100.0,100.0,100.0,100.0
SB1702 LA Pref Data_NA_Cootamundra,0.5,5,100.0,100.0,100.0,100.0
SB1702 LA Pref Data_NA_Murray,0.0,7,100.0,100.0,100.0,100.0
SB1702 LA Pref Data_NA_Murray,0.1,6,100.0,100.0,100.0,100.0
SB1702 LA Pref Data_NA_Murray,0.2,6,100.0,100.0,100.0,100.0
SB1702 LA Pref Data_NA_Murray,0.3,6,100.0,100.0,100.0,100.0
SB2201 LA Pref Data_NA_Bega,0.0,8,100.0,100.0,100.0,100.0
SB2201 LA Pref Data_NA_Bega,0.1,7,100.0,100.0,100.0,100.0
SB2201 LA Pref Data_NA_Bega,0.2,7,100.0,100.0,100.0,100.0
SB2201 LA Pref Data_NA_Bega,0.3,7,100.0,100.0,100.0,100.0
SB2201 LA Pref Data_NA_Monaro,0.0,7,100.0,100.0,100.0,100.0
SB2201 LA Pref Data_NA_Monaro,0.1,6,100.0,100.0,100.0,100.0
SB2201 LA Pref Data_NA_Monaro,0.2,6,100.0,100.0,100.0,100.0
SB2201 LA Pref Data_NA_Monaro,0.3,6,100.0,100.0,100.0,100.0
SB2201 LA Pref Data_NA_Strathfield,0.0,7,100.0,100.0,100.0,100.0
SB2201 LA Pref Data_NA_Strathfield,0.1,6,100.0,100.0,100.0,100.0
SB2201 LA Pref Data_NA_Strathfield,0.2,6,100.0,100.0,100.0,100.0
SB2201 LA Pref Data_NA_Strathfield,0.3,6,100.0,100.0,100.0,100.0
SB2201 LA Pref Data_NA_Strathfield,0.4,6,100.0,100.0,100.0,100.0
SB2201 LA Pref Data_NA_Strathfield,0.5,5,100.0,100.0,100.0,100.0
SB2201 LA Pref Data_NA_Willoughby,0.0,7,100.0,100.0,100.0,100.0
SB2201 LA Pref Data_NA_Willoughby,0.1,6,100.0,100.0,100.0,100.0
SB2201 LA Pref Data_NA_Willoughby,0.2,6,100.0,100.0,100.0,100.0
SG2301 LA Pref Data Albury,0.0,8,100.0,100.0,100.0,100.0
SG2301 LA Pref Data Albury,0.1,7,100.0,100.0,100.0,100.0
SG2301 LA Pref Data Albury,0.2,7,100.0,100.0,100.0,100.0
SG2301 LA Pref Data Albury,0.3,7,100.0,100.0,100.0,100.0
SG2301 LA Pref Data Albury,0.4,7,100.0,100.0,100.0,100.0
SG2301 LA Pref Data Albury,0.5,6,100.0,100.0,100.0,100.0
SG2301 LA Pref Data Auburn,0.0,7,100.0,100.0,100.0,100.0
SG2301 LA Pref Data Auburn,0.1,6,100.0,100.0,100.0,100.0
SG2301 LA Pref Data Auburn,0.2,6,100.0,100.0,100.0,100.0
SG2301 LA Pref Data Auburn,0.3,6,100.0,100.0,100.0,100.0
SG2301 LA Pref Data Auburn,0.4,6,100.0,100.0,100.0,100.0
SG2301 LA Pref Data Auburn,0.5,5,100.0,100.0,100.0,100.0
SG2301 LA Pref Data Badgerys Creek,0.0,6,100.0,100.0,100.0,100.0
SG2301 LA Pref Data Badgerys Creek,0.1,5,100.0,100.0,100.0,100.0
SG2301 LA Pref Data Badgerys Creek,0.2,5,100.0,100.0,100.0,100.0
SG2301 LA Pref Data Badgerys Creek,0.3,5,100.0,100.0,100.0,100.0
SG2301 LA Pref Data Badgerys Creek,0.4,5,100.0,100.0,100.0,100.0
SG2301 LA Pref Data Badgerys Creek,0.5,4,100.0,100.0,100.0,100.0
SG2301 LA Pref Data Ballina,0.0,6,100.0,100.0,100.0,100.0
SG2301 LA Pref Data Ballina,0.1,5,100.0,100.0,100.0,100.0
SG2301 LA Pref Data Ballina,0.2,5,100.0,100.0,100.0,100.0
SG2301 LA Pref Data Ballina,0.3,5,100.0,100.0,100.0,100.0
SG2301 LA Pref Data Ballina,0.4,5,100.0,100.0,100.0,100.0
SG2301 LA Pref Data Ballina,0.5,4,100.0,100.0,100.0,100.0
SG2301 LA Pref Data Balmain,0.0,6,100.0,100.0,100.0,100.0
SG2301 LA Pref Data Balmain,0.1,5,100.0,100.0,100.0,100.0
SG2301 LA Pref Data Balmain,0.2,5,100.0,100.0,100.0,100.0
SG2301 LA Pref Data Balmain,0.3,5,100.0,100.0,100.0,100.0
SG2301 LA Pref Data Balmain,0.4,5,100.0,100.0,100.0,100.0
SG2301 LA Pref Data Bega,0.0,8,100.0,100.0,100.0,100.0
SG2301 LA Pref Data Bega,0.1,7,100.0,100.0,100.0,100.0
SG2301 LA Pref Data Bega,0.2,7,100.0,100.0,100.0,100.0
SG2301 LA Pref Data Bega,0.3,7,100.0,100.0,100.0,100.0
SG2301 LA Pref Data Bega,0.4,7,100.0,100.0,100.0,100.0
SG2301 LA Pref Data Bega,0.5,6,100.0,100.0,100.0,100.0
SG2301 LA Pref Data Blacktown,0.0,8,100.0,100.0,100.0,100.0
SG2301 LA Pref Data Blacktown,0.1,7,100.0,100.0,100.0,100.0
SG2301 LA Pref Data Blacktown,0.2,7,100.0,100.0,100.0,100.0
SG2301 LA Pref Data Blacktown,0.3,7,100.0,100.0,100.0,100.0
SG2301 LA Pref Data Blacktown,0.4,7,100.0,100.0,100.0,100.0
SG2301 LA Pref Data Blacktown,0.5,6,100.0,100.0,100.0,100.0
SG2301 LA Pref Data Blue Mountains,0.0,7,100.0,100.0,100.0,100.0
SG2301 LA Pref Data Blue Mountains,0.1,6,100.0,100.0,100.0,100.0
SG2301 LA Pref Data Blue Mountains,0.2,6,100.0,100.0,100.0,100.0
SG2301 LA Pref Data Blue Mountains,0.3,6,100.0,100.0,100.0,100.0
SG2301 LA Pref Data Blue Mountains,0.4,6,100.0,100.0,100.0,100.0
SG2301 LA Pref Data Blue Mountains,0.5,5,100.0,100.0,100.0,100.0
SG2301 LA Pref Data Cabramatta,0.0,7,100.0,100.0,100.0,100.0
SG2301 LA Pref Data Cabramatta,0.1,6,100.0,100.0,100.0,100.0
SG2301 LA Pref Data Cabramatta,0.2,6,100.0,100.0,100.0,100.0
SG2301 LA Pref Data Cabramatta,0.3,6,100.0,100.0,100.0,100.0
SG2301 LA Pref Data Cabramatta,0.4,6,100.0,100.0,100.0,100.0
SG2301 LA Pref Data Cabramatta,0.5,5,100.0,100.0,100.0,100.0
SG2301 LA Pref Data Camden,0.0,6,100.0,100.0,100.0,100.0
SG2301 LA Pref Data Camden,0.1,5,100.0,100.0,100.0,100.0
SG2301 LA Pref Data Camden,0.2,5,100.0,100.0,100.0,100.0
SG2301 LA Pref Data Camden,0.3,5,100.0,100.0,100.0,100.0
SG2301 LA Pref Data Canterbury,0.0,7,100.0,100.0,100.0,100.0
SG2301 LA Pref Data Canterbury,0.1,6,100.0,100.0,100.0,100.0
SG2301 LA Pref Data Canterbury,0.2,6,100.0,100.0,100.0,100.0
SG2301 LA Pref Data Canterbury,0.3,6,100.0,100.0,100.0,100.0
SG2301 LA Pref Data Canterbury,0.4,6,100.0,100.0,100.0,100.0
SG2301 LA Pref Data Canterbury,0.5,5,100.0,100.0,100.0,100.0
SG2301 LA Pref Data Castle Hill,0.0,7,100.0,100.0,100.0,100.0
SG2301 LA Pref Data Castle Hill,0.1,6,100.0,100.0,100.0,100.0
SG2301 LA Pref Data Castle Hill,0.2,6,100.0,100.0,100.0,100.0
SG2301 LA Pref Data Castle Hill,0.3,6,100.0,100.0,100.0,100.0
SG2301 LA Pref Data Castle Hill,0.4,6,100.0,100.0,100.0,100.0
SG2301 LA Pref Data Castle Hill,0.5,5,100.0,100.0,100.0,100.0
SG2301 LA Pref Data Cessnock,0.0,8,100.0,100.0,100.0,100.0
SG2301 LA Pref Data Cessnock,0.1,7,100.0,100.0,100.0,100.0
SG2301 LA Pref Data Cessnock,0.2,7,100.0,100.0,100.0,100.0
SG2301 LA Pref Data Cessnock,0.3,7,100.0,100.0,100.0,100.0
SG2301 LA Pref Data Cessnock,0.4,7,100.0,100.0,100.0,100.0
SG2301 LA Pref Data Cessnock,0.5,6,100.0,100.0,100.0,100.0
SG2301 LA Pref Data Charlestown,0.0,5,100.0,100.0,100.0,100.0
SG2301 LA Pref Data Charlestown,0.1,4,100.0,100.0,100.0,100.0
SG2301 LA Pref Data Charlestown,0.2,4,100.0,100.0,100.0,100.0
SG2301 LA Pref Data Charlestown,0.3,4,100.0,100.0,100.0,100.0
SG2301 LA Pref Data Charlestown,0.4,4,100.0,100.0,100.0,100.0
SG2301 LA Pref Data Charlestown,0.5,3,100.0,100.0,100.0,100.0
SG2301 LA Pref Data Coffs Harbour,0.0,8,100.0,100.0,100.0,100.0
SG2301 LA Pref Data Coffs Harbour,0.1,7,100.0,100.0,100.0,100.0
SG2301 LA Pref Data Coffs Harbour,0.2,7,100.0,100.0,100.0,100.0
SG2301 LA Pref Data Coffs Harbour,0.3,7,100.0,100.0,100.0,100.0
SG2301 LA Pref Data Coffs Harbour,0.4,7,100.0,100.0,100.0,100.0
SG2301 LA Pref Data Coffs Harbour,0.5,6,100.0,100.0,100.0,100.0
SG2301 LA Pref Data Coogee,0.0,7,100.0,100.0,100.0,100.0
SG2301 LA Pref Data Coogee,0.1,6,100.0,100.0,100.0,100.0
SG2301 LA Pref Data Coogee,0.2,6,100.0,100.0,100.0,100.0
SG2301 LA Pref Data Coogee,0.3,6,100.0,100.0,100.0,100.0
SG2301 LA Pref Data Coogee,0.4,6,100.0,100.0,100.0,100.0
SG2301 LA Pref Data Coogee,0.5,5,100.0,100.0,100.0,100.0
SG2301 LA Pref Data Cootamundra,0.0,8,100.0,100.0,100.0,100.0
SG2301 LA Pref Data Cootamundra,0.1,7,100.0,100.0,100.0,100.0
SG2301 LA Pref Data Cootamundra,0.2,7,100.0,100.0,100.0,100.0
SG2301 LA Pref Data Cootamundra,0.3,7,100.0,100.0,100.0,100.0
SG2301 LA Pref Data Cootamundra,0.4,7,100.0,100.0,100.0,100.0
SG2301 LA Pref Data Cootamundra,0.5,6,100.0,100.0,100.0,100.0
SG2301 LA Pref Data Cronulla,0.0,7,100.0,100.0,100.0,100.0
SG2301 LA Pref Data Cronulla,0.1,6,100.0,100.0,100.0,100.0
SG2301 LA Pref Data Cronulla,0.2,6,100.0,100.0,100.0,100.0
SG2301 LA Pref Data Cronulla,0.3,6,100.0,100.0,100.0,100.0
SG2301 LA Pref Data Cronulla,0.4,6,100.0,100.0,100.0,100.0
SG2301 LA Pref Data Cronulla,0.5,5,100.0,100.0,100.0,100.0
SG2301 LA Pref Data Davidson,0.0,6,100.0,100.0,100.0,100.0
SG2301 LA Pref Data Davidson,0.1,5,100.0,100.0,100.0,100.0
SG2301 LA Pref Data Davidson,0.2,5,100.0,100.0,100.0,100.0
SG2301 LA Pref Data Davidson,0.3,5,100.0,100.0,100.0,100.0
SG2301 LA Pref Data Davidson,0.4,5,100.0,100.0,100.0,100.0
SG2301 LA Pref Data Davidson,0.5,4,100.0,100.0,100.0,100.0
SG2301 LA Pref Data Drummoyne,0.0,5,100.0,100.0,100.0,100.0
SG2301 LA Pref Data Drummoyne,0.1,4,100.0,100.0,100.0,100.0
SG2301 LA Pref Data Drummoyne,0.2,4,100.0,100.0,100.0,100.0
SG2301 LA Pref Data Dubbo,0.0,7,100.0,100.0,100.0,100.0
SG2301 LA Pref Data Dubbo,0.1,6,100.0,100.0,100.0,100.0
SG2301 LA Pref Data Dubbo,0.2,6,100.0,100.0,100.0,100.0
SG2301 LA Pref Data Dubbo,0.3,6,100.0,100.0,100.0,100.0
SG2301 LA Pref Data Dubbo,0.4,6,100.0,100.0,100.0,100.0
SG2301 LA Pref Data Dubbo,0.5,5,100.0,100.0,100.0,100.0
SG2301 LA Pref Data East Hills,0.0,5,100.0,100.0,100.0,100.0
SG2301 LA Pref Data East Hills,0.1,4,100.0,100.0,100.0,100.0
SG2301 LA Pref Data East Hills,0.2,4,100.0,100.0,100.0,100.0
SG2301 LA Pref Data East Hills,0.3,4,100.0,100.0,100.0,100.0
SG2301 LA Pref Data East Hills,0.4,4,100.0,100.0,100.0,100.0
SG2301 LA Pref Data Epping,0.0,7,100.0,100.0,100.0,100.0
SG2301 LA Pref Data Epping,0.1,6,100.0,100.0,100.0,100.0
SG2301 LA Pref Data Epping,0.2,6,100.0,100.0,100.0,100.0
SG2301 LA Pref Data Epping,0.3,6,100.0,100.0,100.0,100.0
SG2301 LA Pref Data Fairfield,0.0,8,100.0,100.0,100.0,100.0
SG2301 LA Pref Data Fairfield,0.1,7,100.0,100.0,100.0,100.0
SG2301 LA Pref Data Fairfield,0.2,7,100.0,100.0,100.0,100.0
SG2301 LA Pref Data Fairfield,0.3,7,100.0,100.0,100.0,100.0
SG2301 LA Pref Data Fairfield,0.4,7,100.0,100.0,100.0,100.0
SG2301 LA Pref Data Fairfield,0.5,6,100.0,100.0,100.0,100.0
SG2301 LA Pref Data Gosford,0.0,8,100.0,100.0,100.0,100.0
SG2301 LA Pref Data Gosford,0.1,7,100.0,100.0,100.0,100.0
SG2301 LA Pref Data Gosford,0.2,7,100.0,100.0,100.0,100.0
SG2301 LA Pref Data Gosford,0.3,7,100.0,100.0,100.0,100.0
SG2301 LA Pref Data Gosford,0.4,7,100.0,100.0,100.0,100.0
SG2301 LA Pref Data Gosford,0.5,6,100.0,100.0,100.0,100.0
SG2301 LA Pref Data Goulburn,0.0,6,100.0,100.0,100.0,100.0
SG2301 LA Pref Data Goulburn,0.1,5,100.0,100.0,100.0,100.0
SG2301 LA Pref Data Goulburn,0.2,5,100.0,100.0,100.0,100.0
SG2301 LA Pref Data Granville,0.0,7,100.0,100.0,100.0,100.0
SG2301 LA Pref Data Granville,0.1,6,100.0,100.0,100.0,100.0
SG2301 LA Pref Data Granville,0.2,6,100.0,100.0,100.0,100.0
SG2301 LA Pref Data Granville,0.3,6,100.0,100.0,100.0,100.0
SG2301 LA Pref Data Granville,0.4,6,100.0,100.0,100.0,100.0
SG2301 LA Pref Data Granville,0.5,5,100.0,100.0,100.0,100.0
SG2301 LA Pref Data Heathcote,0.0,7,100.0,100.0,100.0,100.0
SG2301 LA Pref Data Heathcote,0.1,6,100.0,100.0,100.0,100.0
SG2301 LA Pref Data Heathcote,0.2,6,100.0,100.0,100.0,100.0
SG2301 LA Pref Data Heathcote,0.3,6,100.0,100.0,100.0,100.0
SG2301 LA Pref Data Heathcote,0.4,6,100.0,100.0,100.0,100.0
SG2301 LA Pref Data Heathcote,0.5,5,100.0,100.0,100.0,100.0
SG2301 LA Pref Data Heffron,0.0,8,100.0,100.0,100.0,100.0
SG2301 LA Pref Data Heffron,0.1,7,100.0,100.0,100.0,100.0
SG2301 LA Pref Data Heffron,0.2,7,100.0,100.0,100.0,100.0
SG2301 LA Pref Data Heffron,0.3,7,100.0,100.0,100.0,100.0
SG2301 LA Pref Data Heffron,0.4,7,100.0,100.0,100.0,100.0
SG2301 LA Pref Data Heffron,0.5,6,100.0,100.0,100.0,100.0
SG2301 LA Pref Data Holsworthy,0.0,6,100.0,100.0,100.0,100.0
SG2301 LA Pref Data Holsworthy,0.1,5,100.0,100.0,100.0,100.0
SG2301 LA Pref Data Holsworthy,0.2,5,100.0,100.0,100.0,100.0
SG2301 LA Pref Data Keira,0.0,5,100.0,100.0,100.0,100.0
SG2301 LA Pref Data Keira,0.1,4,100.0,100.0,100.0,100.0
SG2301 LA Pref Data Keira,0.2,4,100.0,100.0,100.0,100.0
SG2301 LA Pref Data Keira,0.3,4,100.0,100.0,100.0,100.0
SG2301 LA Pref Data Keira,0.4,4,100.0,100.0,100.0,100.0
SG2301 LA Pref Data Keira,0.5,3,100.0,100.0,100.0,100.0
SG2301 LA Pref Data Kellyville,0.0,6,100.0,100.0,100.0,100.0
SG2301 LA Pref Data Kellyville,0.1,5,100.0,100.0,100.0,100.0
SG2301 LA Pref Data Kellyville,0.2,5,100.0,100.0,100.0,100.0
SG2301 LA Pref Data Kellyville,0.3,5,100.0,100.0,100.0,100.0
SG2301 LA Pref Data Kellyville,0.4,5,100.0,100.0,100.0,100.0
SG2301 LA Pref Data Kellyville,0.5,4,100.0,100.0,100.0,100.0
SG2301 LA Pref Data Kiama,0.0,6,100.0,100.0,100.0,100.0
SG2301 LA Pref Data Kiama,0.1,5,100.0,100.0,100.0,100.0
SG2301 LA Pref Data Kiama,0.2,5,100.0,100.0,100.0,100.0
SG2301 LA Pref Data Kogarah,0.0,5,100.0,100.0,100.0,100.0
SG2301 LA Pref Data Kogarah,0.1,4,100.0,100.0,100.0,100.0
SG2301 LA Pref Data Kogarah,0.2,4,100.0,100.0,100.0,100.0
SG2301 LA Pref Data Kogarah,0.3,4,100.0,100.0,100.0,100.0
SG2301 LA Pref Data Kogarah,0.4,4,100.0,100.0,100.0,100.0
SG2301 LA Pref Data Kogarah,0.5,3,100.0,100.0,100.0,100.0
SG2301 LA Pref Data Lake Macquarie,0.0,7,100.0,100.0,100.0,100.0
SG2301 LA Pref Data Lake Macquarie,0.1,6,100.0,100.0,100.0,100.0
SG2301 LA Pref Data Lake Macquarie,0.2,6,100.0,100.0,100.0,100.0
SG2301 LA Pref Data Lake Macquarie,0.3,6,100.0,100.0,100.0,100.0
SG2301 LA Pref Data Lake Macquarie,0.4,6,100.0,100.0,100.0,100.0
SG2301 LA Pref Data Lake Macquarie,0.5,5,100.0,100.0,100.0,100.0
SG2301 LA Pref Data Lane Cove,0.0,6,100.0,100.0,100.0,100.0
SG2301 LA Pref Data Lane Cove,0.1,5,100.0,100.0,100.0,100.0
SG2301 LA Pref Data Lane Cove,0.2,5,100.0,100.0,100.0,100.0
SG2301 LA Pref Data Leppington,0.0,6,100.0,100.0,100.0,100.0
SG2301 LA Pref Data Leppington,0.1,5,100.0,100.0,100.0,100.0
SG2301 LA Pref Data Leppington,0.2,5,100.0,100.0,100.0,100.0
SG2301 LA Pref Data Leppington,0.3,5,100.0,100.0,100.0,100.0
SG2301 LA Pref Data Leppington,0.4,5,100.0,100.0,100.0,100.0
SG2301 LA Pref Data Leppington,0.5,4,100.0,100.0,100.0,100.0
SG2301 LA Pref Data Liverpool,0.0,7,100.0,100.0,100.0,100.0
SG2301 LA Pref Data Liverpool,0.1,6,100.0,100.0,100.0,100.0
SG2301 LA Pref Data Liverpool,0.2,6,100.0,100.0,100.0,100.0
SG2301 LA Pref Data Liverpool,0.3,6,100.0,100.0,100.0,100.0
SG2301 LA Pref Data Liverpool,0.4,6,100.0,100.0,100.0,100.0
SG2301 LA Pref Data Liverpool,0.5,5,100.0,100.0,100.0,100.0
SG2301 LA Pref Data Londonderry,0.0,6,100.0,100.0,100.0,100.0
SG2301 LA Pref Data Londonderry,0.1,5,100.0,100.0,100.0,100.0
SG2301 LA Pref Data Londonderry,0.2,5,100.0,100.0,100.0,100.0
SG2301 LA Pref Data Londonderry,0.3,5,100.0,100.0,100.0,100.0
SG2301 LA Pref Data Londonderry,0.4,5,100.0,100.0,100.0,100.0
SG2301 LA Pref Data Londonderry,0.5,4,100.0,100.0,100.0,100.0
SG2301 LA Pref Data Macquarie Fields,0.0,7,100.0,100.0,100.0,100.0
SG2301 LA Pref Data Macquarie Fields,0.1,6,100.0,100.0,100.0,100.0
SG2301 LA Pref Data Macquarie Fields,0.2,6,100.0,100.0,100.0,100.0
SG2301 LA Pref Data Macquarie Fields,0.3,6,100.0,100.0,100.0,100.0
SG2301 LA Pref Data Macquarie Fields,0.4,6,100.0,100.0,100.0,100.0
SG2301 LA Pref Data Macquarie Fields,0.5,5,100.0,100.0,100.0,100.0
SG2301 LA Pref Data Maitland,0.0,8,100.0,100.0,100.0,100.0
SG2301 LA Pref Data Maitland,0.1,7,100.0,100.0,100.0,100.0
SG2301 LA Pref Data Maitland,0.2,7,100.0,100.0,100.0,100.0
SG2301 LA Pref Data Maitland,0.3,7,100.0,100.0,100.0,100.0
SG2301 LA Pref Data Maitland,0.4,7,100.0,100.0,100.0,100.0
SG2301 LA Pref Data Maitland,0.5,6,100.0,100.0,100.0,100.0
SG2301 LA Pref Data Manly,0.0,8,100.0,100.0,100.0,100.0
SG2301 LA Pref Data Manly,0.1,7,100.0,100.0,100.0,100.0
SG2301 LA Pref Data Manly,0.2,7,100.0,100.0,100.0,100.0
SG2301 LA Pref Data Manly,0.3,7,100.0,100.0,100.0,100.0
SG2301 LA Pref Data Maroubra,0.0,7,100.0,100.0,100.0,100.0
SG2301 LA Pref Data Maroubra,0.1,6,100.0,100.0,100.0,100.0
SG2301 LA Pref Data Maroubra,0.2,6,100.0,100.0,100.0,100.0
SG2301 LA Pref Data Maroubra,0.3,6,100.0,100.0,100.0,100.0
SG2301 LA Pref Data Maroubra,0.4,6,100.0,100.0,100.0,100.0
SG2301 LA Pref Data Maroubra,0.5,5,100.0,100.0,100.0,100.0
SG2301 LA Pref Data Miranda,0.0,6,100.0,100.0,100.0,100.0
SG2301 LA Pref Data Miranda,0.1,5,100.0,100.0,100.0,100.0
SG2301 LA Pref Data Miranda,0.2,5,100.0,100.0,100.0,100.0
SG2301 LA Pref Data Monaro,0.0,8,100.0,100.0,100.0,100.0
SG2301 LA Pref Data Monaro,0.1,7,100.0,100.0,100.0,100.0
SG2301 LA Pref Data Monaro,0.2,7,100.0,100.0,100.0,100.0
SG2301 LA Pref Data Mount Druitt,0.0,5,100.0,100.0,100.0,100.0
SG2301 LA Pref Data Mount Druitt,0.1,4,100.0,100.0,100.0,100.0
SG2301 LA Pref Data Mount Druitt,0.2,4,100.0,100.0,100.0,100.0
SG2301 LA Pref Data Mount Druitt,0.3,4,100.0,100.0,100.0,100.0
SG2301 LA Pref Data Mount Druitt,0.4,4,100.0,100.0,100.0,100.0
SG2301 LA Pref Data Mount Druitt,0.5,3,100.0,100.0,100.0,100.0
SG2301 LA Pref Data Myall Lakes,0.0,7,100.0,100.0,100.0,100.0
SG2301 LA Pref Data Myall Lakes,0.1,6,100.0,100.0,100.0,100.0
SG2301 LA Pref Data Myall Lakes,0.2,6,100.0,100.0,100.0,100.0
SG2301 LA Pref Data Myall Lakes,0.3,6,100.0,100.0,100.0,100.0
SG2301 LA Pref Data Myall Lakes,0.4,6,100.0,100.0,100.0,100.0
SG2301 LA Pref Data Myall Lakes,0.5,5,100.0,100.0,100.0,100.0
SG2301 LA Pref Data Newcastle,0.0,7,100.0,100.0,100.0,100.0
SG2301 LA Pref Data Newcastle,0.1,6,100.0,100.0,100.0,100.0
SG2301 LA Pref Data Newcastle,0.2,6,100.0,100.0,100.0,100.0
SG2301 LA Pref Data Newcastle,0.3,6,100.0,100.0,100.0,100.0
SG2301 LA Pref Data Newcastle,0.4,6,100.0,100.0,100.0,100.0
SG2301 LA Pref Data Newcastle,0.5,5,100.0,100.0,100.0,100.0
SG2301 LA Pref Data Newtown,0.0,5,100.0,100.0,100.0,100.0
SG2301 LA Pref Data Newtown,0.1,4,100.0,100.0,100.0,100.0
SG2301 LA Pref Data Newtown,0.2,4,100.0,100.0,100.0,100.0
SG2301 LA Pref Data Newtown,0.3,4,100.0,100.0,100.0,100.0
SG2301 LA Pref Data Newtown,0.4,4,100.0,100.0,100.0,100.0
SG2301 LA Pref Data Newtown,0.5,3,100.0,100.0,100.0,100.0
SG2301 LA Pref Data North Shore,0.0,8,100.0,100.0,100.0,100.0
SG2301 LA Pref Data North Shore,0.1,7,100.0,100.0,100.0,100.0
SG2301 LA Pref Data North Shore,0.2,7,100.0,100.0,100.0,100.0
SG2301 LA Pref Data North Shore,0.3,7,100.0,100.0,100.0,100.0
SG2301 LA Pref Data Oatley,0.0,6,100.0,100.0,100.0,100.0
SG2301 LA Pref Data Oatley,0.1,5,100.0,100.0,100.0,100.0
SG2301 LA Pref Data Oatley,0.2,5,100.0,100.0,100.0,100.0
SG2301 LA Pref Data Oxley,0.0,8,100.0,100.0,100.0,100.0
SG2301 LA Pref Data Oxley,0.1,7,100.0,100.0,100.0,100.0
SG2301 LA Pref Data Oxley,0.2,7,100.0,100.0,100.0,100.0
SG2301 LA Pref Data Oxley,0.3,7,100.0,100.0,100.0,100.0
SG2301 LA Pref Data Oxley,0.4,7,100.0,100.0,100.0,100.0
SG2301 LA Pref Data Oxley,0.5,6,100.0,100.0,100.0,100.0
SG2301 LA Pref Data Parramatta,0.0,6,100.0,100.0,100.0,100.0
SG2301 LA Pref Data Parramatta,0.1,5,100.0,100.0,100.0,100.0
SG2301 LA Pref Data Parramatta,0.2,5,100.0,100.0,100.0,100.0
SG2301 LA Pref Data Parramatta,0.3,5,100.0,100.0,100.0,100.0
SG2301 LA Pref Data Parramatta,0.4,5,100.0,100.0,100.0,100.0
SG2301 LA Pref Data Parramatta,0.5,4,100.0,100.0,100.0,100.0
SG2301 LA Pref Data Penrith,0.0,8,100.0,100.0,100.0,100.0
SG2301 LA Pref Data Penrith,0.1,7,100.0,100.0,100.0,100.0
SG2301 LA Pref Data Penrith,0.2,7,100.0,100.0,100.0,100.0
SG2301 LA Pref Data Pittwater,0.0,6,100.0,100.0,100.0,100.0
SG2301 LA Pref Data Pittwater,0.1,5,100.0,100.0,100.0,100.0
SG2301 LA Pref Data Pittwater,0.2,5,100.0,100.0,100.0,100.0
SG2301 LA Pref Data Port Stephens,0.0,8,100.0,100.0,100.0,100.0
SG2301 LA Pref Data Port Stephens,0.1,7,100.0,100.0,100.0,100.0
SG2301 LA Pref Data Port Stephens,0.2,7,100.0,100.0,100.0,100.0
SG2301 LA Pref Data Port Stephens,0.3,7,100.0,100.0,100.0,100.0
SG2301 LA Pref Data Port Stephens,0.4,7,100.0,100.0,100.0,100.0
SG2301 LA Pref Data Port Stephens,0.5,6,100.0,100.0,100.0,100.0
SG2301 LA Pref Data Prospect,0.0,6,100.0,100.0,100.0,100.0
SG2301 LA Pref Data Prospect,0.1,5,100.0,100.0,100.0,100.0
SG2301 LA Pref Data Prospect,0.2,5,100.0,100.0,100.0,100.0
SG2301 LA Pref Data Prospect,0.3,5,100.0,100.0,100.0,100.0
SG2301 LA Pref Data Prospect,0.4,5,100.0,100.0,100.0,100.0
SG2301 LA Pref Data Prospect,0.5,4,100.0,100.0,100.0,100.0
SG2301 LA Pref Data Riverstone,0.0,7,100.0,100.0,100.0,100.0
SG2301 LA Pref Data Riverstone,0.1,6,100.0,100.0,100.0,100.0
SG2301 LA Pref Data Riverstone,0.2,6,100.0,100.0,100.0,100.0
SG2301 LA Pref Data Riverstone,0.3,6,100.0,100.0,100.0,100.0
SG2301 LA Pref Data Riverstone,0.4,6,100.0,100.0,100.0,100.0
SG2301 LA Pref Data Rockdale,0.0,5,100.0,100.0,100.0,100.0
SG2301 LA Pref Data Rockdale,0.1,4,100.0,100.0,100.0,100.0
SG2301 LA Pref Data Rockdale,0.2,4,100.0,100.0,100.0,100.0
SG2301 LA Pref Data Rockdale,0.3,4,100.0,100.0,100.0,100.0
SG2301 LA Pref Data Rockdale,0.4,4,100.0,100.0,100.0,100.0
SG2301 LA Pref Data Rockdale,0.5,3,100.0,100.0,100.0,100.0
SG2301 LA Pref Data Ryde,0.0,6,100.0,100.0,100.0,100.0
SG2301 LA Pref Data Ryde,0.1,5,100.0,100.0,100.0,100.0
SG2301 LA Pref Data Shellharbour,0.0,8,100.0,100.0,100.0,100.0
SG2301 LA Pref Data Shellharbour,0.1,7,100.0,100.0,100.0,100.0
SG2301 LA Pref Data Shellharbour,0.2,7,100.0,100.0,100.0,100.0
SG2301 LA Pref Data Shellharbour,0.3,7,100.0,100.0,100.0,100.0
SG2301 LA Pref Data Shellharbour,0.4,7,100.0,100.0,100.0,100.0
SG2301 LA Pref Data Shellharbour,0.5,6,100.0,100.0,100.0,100.0
SG2301 LA Pref Data South Coast,0.0,7,100.0,100.0,100.0,100.0
SG2301 LA Pref Data South Coast,0.1,6,100.0,100.0,100.0,100.0
SG2301 LA Pref Data South Coast,0.2,6,100.0,100.0,100.0,100.0
SG2301 LA Pref Data South Coast,0.3,6,100.0,100.0,100.0,100.0
SG2301 LA Pref Data Strathfield,0.0,6,100.0,100.0,100.0,100.0
SG2301 LA Pref Data Strathfield,0.1,5,100.0,100.0,100.0,100.0
SG2301 LA Pref Data Strathfield,0.2,5,100.0,100.0,100.0,100.0
SG2301 LA Pref Data Strathfield,0.3,5,100.0,100.0,100.0,100.0
SG2301 LA Pref Data Strathfield,0.4,5,100.0,100.0,100.0,100.0
SG2301 LA Pref Data Strathfield,0.5,4,100.0,100.0,100.0,100.0
SG2301 LA Pref Data Summer Hill,0.0,6,100.0,100.0,100.0,100.0
SG2301 LA Pref Data Summer Hill,0.1,5,100.0,100.0,100.0,100.0
SG2301 LA Pref Data Summer Hill,0.2,5,100.0,100.0,100.0,100.0
SG2301 LA Pref Data Summer Hill,0.3,5,100.0,100.0,100.0,100.0
SG2301 LA Pref Data Summer Hill,0.4,5,100.0,100.0,100.0,100.0
SG2301 LA Pref Data Summer Hill,0.5,4,100.0,100.0,100.0,100.0
SG2301 LA Pref Data Swansea,0.0,6,100.0,100.0,100.0,100.0
SG2301 LA Pref Data Swansea,0.1,5,100.0,100.0,100.0,100.0
SG2301 LA Pref Data Swansea,0.2,5,100.0,100.0,100.0,100.0
SG2301 LA Pref Data Swansea,0.3,5,100.0,100.0,100.0,100.0
SG2301 LA Pref Data Swansea,0.4,5,100.0,100.0,100.0,100.0
SG2301 LA Pref Data Swansea,0.5,4,100.0,100.0,100.0,100.0
SG2301 LA Pref Data Sydney,0.0,6,100.0,100.0,100.0,100.0
SG2301 LA Pref Data Sydney,0.1,5,100.0,100.0,100.0,100.0
SG2301 LA Pref Data Sydney,0.2,5,100.0,100.0,100.0,100.0
SG2301 LA Pref Data Sydney,0.3,5,100.0,100.0,100.0,100.0
SG2301 LA Pref Data Sydney,0.4,5,100.0,100.0,100.0,100.0
SG2301 LA Pref Data Sydney,0.5,4,100.0,100.0,100.0,100.0
SG2301 LA Pref Data Terrigal,0.0,5,100.0,100.0,100.0,100.0
SG2301 LA Pref Data Terrigal,0.1,4,100.0,100.0,100.0,100.0
SG2301 LA Pref Data Terrigal,0.2,4,100.0,100.0,100.0,100.0
SG2301 LA Pref Data The Entrance,0.0,7,100.0,100.0,100.0,100.0
SG2301 LA Pref Data The Entrance,0.1,6,100.0,100.0,100.0,100.0
SG2301 LA Pref Data The Entrance,0.2,6,100.0,100.0,100.0,100.0
SG2301 LA Pref Data The Entrance,0.3,6,100.0,100.0,100.0,100.0
SG2301 LA Pref Data The Entrance,0.4,6,100.0,100.0,100.0,100.0
SG2301 LA Pref Data The Entrance,0.5,5,100.0,100.0,100.0,100.0
SG2301 LA Pref Data Tweed,0.0,7,100.0,100.0,100.0,100.0
SG2301 LA Pref Data Tweed,0.1,6,100.0,100.0,100.0,100.0
SG2301 LA Pref Data Tweed,0.2,6,100.0,100.0,100.0,100.0
SG2301 LA Pref Data Vaucluse,0.0,8,100.0,100.0,100.0,100.0
SG2301 LA Pref Data Vaucluse,0.1,7,100.0,100.0,100.0,100.0
SG2301 LA Pref Data Vaucluse,0.2,7,100.0,100.0,100.0,100.0
SG2301 LA Pref Data Vaucluse,0.3,7,100.0,100.0,100.0,100.0
SG2301 LA Pref Data Vaucluse,0.4,7,100.0,100.0,100.0,100.0
SG2301 LA Pref Data Vaucluse,0.5,6,100.0,100.0,100.0,100.0
SG2301 LA Pref Data Wagga Wagga,0.0,8,100.0,100.0,100.0,100.0
SG2301 LA Pref Data Wagga Wagga,0.1,7,100.0,100.0,100.0,100.0
SG2301 LA Pref Data Wagga Wagga,0.2,7,100.0,100.0,100.0,100.0
SG2301 LA Pref Data Wagga Wagga,0.3,7,100.0,100.0,100.0,100.0
SG2301 LA Pref Data Wagga Wagga,0.4,7,100.0,100.0,100.0,100.0
SG2301 LA Pref Data Wagga Wagga,0.5,6,100.0,100.0,100.0,100.0
SG2301 LA Pref Data Wahroonga,0.0,6,100.0,100.0,100.0,100.0
SG2301 LA Pref Data Wahroonga,0.1,5,100.0,100.0,100.0,100.0
SG2301 LA Pref Data Wahroonga,0.2,5,100.0,100.0,100.0,100.0
SG2301 LA Pref Data Wahroonga,0.3,5,100.0,100.0,100.0,100.0
SG2301 LA Pref Data Wahroonga,0.4,5,100.0,100.0,100.0,100.0
SG2301 LA Pref Data Wahroonga,0.5,4,100.0,100.0,100.0,100.0
SG2301 LA Pref Data Wakehurst,0.0,7,100.0,100.0,100.0,100.0
SG2301 LA Pref Data Wakehurst,0.1,6,100.0,100.0,100.0,100.0
SG2301 LA Pref Data Wakehurst,0.2,6,100.0,100.0,100.0,100.0
SG2301 LA Pref Data Wakehurst,0.3,6,100.0,100.0,100.0,100.0
SG2301 LA Pref Data Wakehurst,0.4,6,100.0,100.0,100.0,100.0
SG2301 LA Pref Data Wakehurst,0.5,5,100.0,100.0,100.0,100.0
SG2301 LA Pref Data Wallsend,0.0,9,100.0,100.0,100.0,100.0
SG2301 LA Pref Data Wallsend,0.1,7,100.0,100.0,100.0,100.0
SG2301 LA Pref Data Wallsend,0.2,7,100.0,100.0,100.0,100.0
SG2301 LA Pref Data Wallsend,0.3,7,100.0,100.0,100.0,100.0
SG2301 LA Pref Data Wallsend,0.4,7,100.0,100.0,100.0,100.0
SG2301 LA Pref Data Wallsend,0.5,6,100.0,100.0,100.0,100.0
SG2301 LA Pref Data Willoughby,0.0,6,100.0,100.0,100.0,100.0
SG2301 LA Pref Data Willoughby,0.1,5,100.0,100.0,100.0,100.0
SG2301 LA Pref Data Willoughby,0.2,5,100.0,100.0,100.0,100.0
SG2301 LA Pref Data Willoughby,0.3,5,100.0,100.0,100.0,100.0
SG2301 LA Pref Data Winston Hills,0.0,5,100.0,100.0,100.0,100.0
SG2301 LA Pref Data Winston Hills,0.1,4,100.0,100.0,100.0,100.0
SG2301 LA Pref Data Winston Hills,0.2,4,100.0,100.0,100.0,100.0
SG2301 LA Pref Data Wollondilly,0.0,7,100.0,100.0,100.0,100.0
SG2301 LA Pref Data Wollondilly,0.1,6,100.0,100.0,100.0,100.0
SG2301 LA Pref Data Wollondilly,0.2,6,100.0,100.0,100.0,100.0
SG2301 LA Pref Data Wollondilly,0.3,6,100.0,100.0,100.0,100.0
SG2301 LA Pref Data Wollondilly,0.4,6,100.0,100.0,100.0,100.0
SG2301 LA Pref Data Wollongong,0.0,5,100.0,100.0,100.0,100.0
SG2301 LA Pref Data Wollongong,0.1,4,100.0,100.0,100.0,100.0
SG2301 LA Pref Data Wollongong,0.2,4,100.0,100.0,100.0,100.0
SG2301 LA Pref Data Wollongong,0.3,4,100.0,100.0,100.0,100.0
SG2301 LA Pref Data Wollongong,0.4,4,100.0,100.0,100.0,100.0
SG2301 LA Pref Data Wollongong,0.5,3,100.0,100.0,100.0,100.0
SG2301 LA Pref Data Wyong,0.0,6,100.0,100.0,100.0,100.0
SG2301 LA Pref Data Wyong,0.1,5,100.0,100.0,100.0,100.0
SG2301 LA Pref Data Wyong,0.2,5,100.0,100.0,100.0,100.0
SG2301 LA Pref Data Wyong,0.3,5,100.0,100.0,100.0,100.0
SG2301 LA Pref Data Wyong,0.4,5,100.0,100.0,100.0,100.0
SG2301 LA Pref Data Wyong,0.5,4,100.0,100.0,100.0,100.0
SGE2015 LA Pref Data_NA_Albury,0.0,6,100.0,100.0,100.0,100.0
SGE2015 LA Pref Data_NA_Albury,0.1,5,100.0,100.0,100.0,100.0
SGE2015 LA Pref Data_NA_Albury,0.2,5,100.0,100.0,100.0,100.0
SGE2015 LA Pref Data_NA_Albury,0.3,5,100.0,100.0,100.0,100.0
SGE2015 LA Pref Data_NA_Albury,0.4,5,100.0,100.0,100.0,100.0
SGE2015 LA Pref Data_NA_Albury,0.5,4,100.0,100.0,100.0,100.0
SGE2015 LA Pref Data_NA_Auburn,0.0,7,100.0,100.0,100.0,100.0
SGE2015 LA Pref Data_NA_Auburn,0.1,6,100.0,100.0,100.0,100.0
SGE2015 LA Pref Data_NA_Auburn,0.2,6,100.0,100.0,100.0,100.0
SGE2015 LA Pref Data_NA_Auburn,0.3,6,100.0,100.0,100.0,100.0
SGE2015 LA Pref Data_NA_Auburn,0.4,6,100.0,100.0,100.0,100.0
SGE2015 LA Pref Data_NA_Ballina,0.0,8,100.0,100.0,100.0,100.0
SGE2015 LA Pref Data_NA_Ballina,0.1,7,100.0,100.0,100.0,100.0
SGE2015 LA Pref Data_NA_Ballina,0.2,7,100.0,100.0,100.0,100.0
SGE2015 LA Pref Data_NA_Ballina,0.3,7,100.0,100.0,100.0,100.0
SGE2015 LA Pref Data_NA_Ballina,0.4,7,100.0,100.0,100.0,100.0
SGE2015 LA Pref Data_NA_Ballina,0.5,6,100.0,100.0,100.0,100.0
SGE2015 LA Pref Data_NA_Balmain,0.0,8,100.0,100.0,100.0,100.0
SGE2015 LA Pref Data_NA_Balmain,0.1,7,100.0,100.0,100.0,100.0
SGE2015 LA Pref Data_NA_Balmain,0.2,7,100.0,100.0,100.0,100.0
SGE2015 LA Pref Data_NA_Balmain,0.3,7,100.0,100.0,100.0,100.0
SGE2015 LA Pref Data_NA_Balmain,0.4,7,100.0,100.0,100.0,100.0
SGE2015 LA Pref Data_NA_Balmain,0.5,6,100.0,100.0,100.0,100.0
SGE2015 LA Pref Data_NA_Bankstown,0.0,7,100.0,100.0,100.0,100.0
SGE2015 LA Pref Data_NA_Bankstown,0.1,6,100.0,100.0,100.0,100.0
SGE2015 LA Pref Data_NA_Bankstown,0.2,6,100.0,100.0,100.0,100.0
SGE2015 LA Pref Data_NA_Bankstown,0.3,6,100.0,100.0,100.0,100.0
SGE2015 LA Pref Data_NA_Bankstown,0.4,6,100.0,100.0,100.0,100.0
SGE2015 LA Pref Data_NA_Bankstown,0.5,5,100.0,100.0,100.0,100.0
SGE2015 LA Pref Data_NA_Barwon,0.0,7,100.0,100.0,100.0,100.0
SGE2015 LA Pref Data_NA_Barwon,0.1,6,100.0,100.0,100.0,100.0
SGE2015 LA Pref Data_NA_Barwon,0.2,6,100.0,100.0,100.0,100.0
SGE2015 LA Pref Data_NA_Barwon,0.3,6,100.0,100.0,100.0,100.0
SGE2015 LA Pref Data_NA_Barwon,0.4,6,100.0,100.0,100.0,100.0
SGE2015 LA Pref Data_NA_Barwon,0.5,5,100.0,100.0,100.0,100.0
SGE2015 LA Pref Data_NA_Bathurst,0.0,6,100.0,100.0,100.0,100.0
SGE2015 LA Pref Data_NA_Bathurst,0.1,5,100.0,100.0,100.0,100.0
SGE2015 LA Pref Data_NA_Bathurst,0.2,5,100.0,100.0,100.0,100.0
SGE2015 LA Pref Data_NA_Bathurst,0.3,5,100.0,100.0,100.0,100.0
SGE2015 LA Pref Data_NA_Bathurst,0.4,5,100.0,100.0,100.0,100.0
SGE2015 LA Pref Data_NA_Bathurst,0.5,4,100.0,100.0,100.0,100.0
SGE2015 LA Pref Data_NA_Baulkham Hills,0.0,6,100.0,100.0,100.0,100.0
SGE2015 LA Pref Data_NA_Baulkham Hills,0.1,5,100.0,100.0,100.0,100.0
SGE2015 LA Pref Data_NA_Baulkham Hills,0.2,5,100.0,100.0,100.0,100.0
SGE2015 LA Pref Data_NA_Baulkham Hills,0.3,5,100.0,100.0,100.0,100.0
SGE2015 LA Pref Data_NA_Baulkham Hills,0.4,5,100.0,100.0,100.0,100.0
SGE2015 LA Pref Data_NA_Baulkham Hills,0.5,4,100.0,100.0,100.0,100.0
SGE2015 LA Pref Data_NA_Bega,0.0,6,100.0,100.0,100.0,100.0
SGE2015 LA Pref Data_NA_Bega,0.1,5,100.0,100.0,100.0,100.0
SGE2015 LA Pref Data_NA_Bega,0.2,5,100.0,100.0,100.0,100.0
SGE2015 LA Pref Data_NA_Bega,0.3,5,100.0,100.0,100.0,100.0
SGE2015 LA Pref Data_NA_Bega,0.4,5,100.0,100.0,100.0,100.0
SGE2015 LA Pref Data_NA_Bega,0.5,4,100.0,100.0,100.0,100.0
SGE2015 LA Pref Data_NA_Blacktown,0.0,6,100.0,100.0,100.0,100.0
SGE2015 LA Pref Data_NA_Blacktown,0.1,5,100.0,100.0,100.0,100.0
SGE2015 LA Pref Data_NA_Blacktown,0.2,5,100.0,100.0,100.0,100.0
SGE2015 LA Pref Data_NA_Blacktown,0.3,5,100.0,100.0,100.0,100.0
SGE2015 LA Pref Data_NA_Blacktown,0.4,5,100.0,100.0,100.0,100.0
SGE2015 LA Pref Data_NA_Blacktown,0.5,4,100.0,100.0,100.0,100.0
SGE2015 LA Pref Data_NA_Blue Mountains,0.0,7,100.0,100.0,100.0,100.0
SGE2015 LA Pref Data_NA_Blue Mountains,0.1,6,100.0,100.0,100.0,100.0
SGE2015 LA Pref Data_NA_Blue Mountains,0.2,6,100.0,100.0,100.0,100.0
SGE2015 LA Pref Data_NA_Blue Mountains,0.3,6,100.0,100.0,100.0,100.0
SGE2015 LA Pref Data_NA_Blue Mountains,0.4,6,100.0,100.0,100.0,100.0
SGE2015 LA Pref Data_NA_Blue Mountains,0.5,5,100.0,100.0,100.0,100.0
SGE2015 LA Pref Data_NA_Cabramatta,0.0,6,100.0,100.0,100.0,100.0
SGE2015 LA Pref Data_NA_Cabramatta,0.1,5,100.0,100.0,100.0,100.0
SGE2015 LA Pref Data_NA_Cabramatta,0.2,5,100.0,100.0,100.0,100.0
SGE2015 LA Pref Data_NA_Cabramatta,0.3,5,100.0,100.0,100.0,100.0
SGE2015 LA Pref Data_NA_Cabramatta,0.4,5,100.0,100.0,100.0,100.0
SGE2015 LA Pref Data_NA_Cabramatta,0.5,4,100.0,100.0,100.0,100.0
SGE2015 LA Pref Data_NA_Camden,0.0,6,100.0,100.0,100.0,100.0
SGE2015 LA Pref Data_NA_Camden,0.1,5,100.0,100.0,100.0,100.0
SGE2015 LA Pref Data_NA_Camden,0.2,5,100.0,100.0,100.0,100.0
SGE2015 LA Pref Data_NA_Camden,0.3,5,100.0,100.0,100.0,100.0
SGE2015 LA Pref Data_NA_Camden,0.4,5,100.0,100.0,100.0,100.0
SGE2015 LA Pref Data_NA_Camden,0.5,4,100.0,100.0,100.0,100.0
SGE2015 LA Pref Data_NA_Campbelltown,0.0,6,100.0,100.0,100.0,100.0
SGE2015 LA Pref Data_NA_Campbelltown,0.1,5,100.0,100.0,100.0,100.0
SGE2015 LA Pref Data_NA_Campbelltown,0.2,5,100.0,100.0,100.0,100.0
SGE2015 LA Pref Data_NA_Campbelltown,0.3,5,100.0,100.0,100.0,100.0
SGE2015 LA Pref Data_NA_Campbelltown,0.4,5,100.0,100.0,100.0,100.0
SGE2015 LA Pref Data_NA_Campbelltown,0.5,4,100.0,100.0,100.0,100.0
SGE2015 LA Pref Data_NA_Canterbury,0.0,6,100.0,100.0,100.0,100.0
SGE2015 LA Pref Data_NA_Canterbury,0.1,5,100.0,100.0,100.0,100.0
SGE2015 LA Pref Data_NA_Canterbury,0.2,5,100.0,100.0,100.0,100.0
SGE2015 LA Pref Data_NA_Canterbury,0.3,5,100.0,100.0,100.0,100.0
SGE2015 LA Pref Data_NA_Canterbury,0.4,5,100.0,100.0,100.0,100.0
SGE2015 LA Pref Data_NA_Canterbury,0.5,4,100.0,100.0,100.0,100.0
SGE2015 LA Pref Data_NA_Castle Hill,0.0,6,100.0,100.0,100.0,100.0
SGE2015 LA Pref Data_NA_Castle Hill,0.1,5,100.0,100.0,100.0,100.0
SGE2015 LA Pref Data_NA_Castle Hill,0.2,5,100.0,100.0,100.0,100.0
SGE2015 LA Pref Data_NA_Castle Hill,0.3,5,100.0,100.0,100.0,100.0
SGE2015 LA Pref Data_NA_Castle Hill,0.4,5,100.0,100.0,100.0,100.0
SGE2015 LA Pref Data_NA_Castle Hill,0.5,4,100.0,100.0,100.0,100.0
SGE2015 LA Pref Data_NA_Cessnock,0.0,6,100.0,100.0,100.0,100.0
SGE2015 LA Pref Data_NA_Cessnock,0.1,5,100.0,100.0,100.0,100.0
SGE2015 LA Pref Data_NA_Cessnock,0.2,5,100.0,100.0,100.0,100.0
SGE2015 LA Pref Data_NA_Cessnock,0.3,5,100.0,100.0,100.0,100.0
SGE2015 LA Pref Data_NA_Cessnock,0.4,5,100.0,100.0,100.0,100.0
SGE2015 LA Pref Data_NA_Cessnock,0.5,4,100.0,100.0,100.0,100.0
SGE2015 LA Pref Data_NA_Charlestown,0.0,8,100.0,100.0,100.0,100.0
SGE2015 LA Pref Data_NA_Charlestown,0.1,7,100.0,100.0,100.0,100.0
SGE2015 LA Pref Data_NA_Charlestown,0.2,7,100.0,100.0,100.0,100.0
SGE2015 LA Pref Data_NA_Charlestown,0.3,7,100.0,100.0,100.0,100.0
SGE2015 LA Pref Data_NA_Charlestown,0.4,7,100.0,100.0,100.0,100.0
SGE2015 LA Pref Data_NA_Charlestown,0.5,6,100.0,100.0,100.0,100.0
SGE2015 LA Pref Data_NA_Coffs Harbour,0.0,6,100.0,100.0,100.0,100.0
SGE2015 LA Pref Data_NA_Coffs Harbour,0.1,5,100.0,100.0,100.0,100.0
SGE2015 LA Pref Data_NA_Coffs Harbour,0.2,5,100.0,100.0,100.0,100.0
SGE2015 LA Pref Data_NA_Coffs Harbour,0.3,5,100.0,100.0,100.0,100.0
SGE2015 LA Pref Data_NA_Coffs Harbour,0.4,5,100.0,100.0,100.0,100.0
SGE2015 LA Pref Data_NA_Coffs Harbour,0.5,4,100.0,100.0,100.0,100.0
SGE2015 LA Pref Data_NA_Coogee,0.0,6,100.0,100.0,100.0,100.0
SGE2015 LA Pref Data_NA_Coogee,0.1,5,100.0,100.0,100.0,100.0
SGE2015 LA Pref Data_NA_Coogee,0.2,5,100.0,100.0,100.0,100.0
SGE2015 LA Pref Data_NA_Cootamundra,0.0,6,100.0,100.0,100.0,100.0
SGE2015 LA Pref Data_NA_Cootamundra,0.1,5,100.0,100.0,100.0,100.0
SGE2015 LA Pref Data_NA_Cootamundra,0.2,5,100.0,100.0,100.0,100.0
SGE2015 LA Pref Data_NA_Cootamundra,0.3,5,100.0,100.0,100.0,100.0
SGE2015 LA Pref Data_NA_Cootamundra,0.4,5,100.0,100.0,100.0,100.0
SGE2015 LA Pref Data_NA_Cootamundra,0.5,4,100.0,100.0,100.0,100.0
SGE2015 LA Pref Data_NA_Cronulla,0.0,6,100.0,100.0,100.0,100.0
SGE2015 LA Pref Data_NA_Cronulla,0.1,5,100.0,100.0,100.0,100.0
SGE2015 LA Pref Data_NA_Cronulla,0.2,5,100.0,100.0,100.0,100.0
SGE2015 LA Pref Data_NA_Cronulla,0.3,5,100.0,100.0,100.0,100.0
SGE2015 LA Pref Data_NA_Cronulla,0.4,5,100.0,100.0,100.0,100.0
SGE2015 LA Pref Data_NA_Cronulla,0.5,4,100.0,100.0,100.0,100.0
SGE2015 LA Pref Data_NA_Davidson,0.0,6,100.0,100.0,100.0,100.0
SGE2015 LA Pref Data_NA_Davidson,0.1,5,100.0,100.0,100.0,100.0
SGE2015 LA Pref Data_NA_Davidson,0.2,5,100.0,100.0,100.0,100.0
SGE2015 LA Pref Data_NA_Davidson,0.3,5,100.0,100.0,100.0,100.0
SGE2015 LA Pref Data_NA_Davidson,0.4,5,100.0,100.0,100.0,100.0
SGE2015 LA Pref Data_NA_Davidson,0.5,4,100.0,100.0,100.0,100.0
SGE2015 LA Pref Data_NA_Drummoyne,0.0,7,100.0,100.0,100.0,100.0
SGE2015 LA Pref Data_NA_Drummoyne,0.1,6,100.0,100.0,100.0,100.0
SGE2015 LA Pref Data_NA_Drummoyne,0.2,6,100.0,100.0,100.0,100.0
SGE2015 LA Pref Data_NA_Drummoyne,0.3,6,100.0,100.0,100.0,100.0
SGE2015 LA Pref Data_NA_Drummoyne,0.4,6,100.0,100.0,100.0,100.0
SGE2015 LA Pref Data_NA_Drummoyne,0.5,5,100.0,100.0,100.0,100.0
SGE2015 LA Pref Data_NA_Dubbo,0.0,8,100.0,100.0,100.0,100.0
SGE2015 LA Pref Data_NA_Dubbo,0.1,7,100.0,100.0,100.0,100.0
SGE2015 LA Pref Data_NA_Dubbo,0.2,7,100.0,100.0,100.0,100.0
SGE2015 LA Pref Data_NA_Dubbo,0.3,7,100.0,100.0,100.0,100.0
SGE2015 LA Pref Data_NA_Dubbo,0.4,7,100.0,100.0,100.0,100.0
SGE2015 LA Pref Data_NA_Dubbo,0.5,6,100.0,100.0,100.0,100.0
SGE2015 LA Pref Data_NA_East Hills,0.0,6,100.0,100.0,100.0,100.0
SGE2015 LA Pref Data_NA_East Hills,0.1,5,100.0,100.0,100.0,100.0
SGE2015 LA Pref Data_NA_Epping,0.0,7,100.0,100.0,100.0,100.0
SGE2015 LA Pref Data_NA_Epping,0.1,6,100.0,100.0,100.0,100.0
SGE2015 LA Pref Data_NA_Epping,0.2,6,100.0,100.0,100.0,100.0
SGE2015 LA Pref Data_NA_Epping,0.3,6,100.0,100.0,100.0,100.0
SGE2015 LA Pref Data_NA_Epping,0.4,6,100.0,100.0,100.0,100.0
SGE2015 LA Pref Data_NA_Epping,0.5,5,100.0,100.0,100.0,100.0
SGE2015 LA Pref Data_NA_Fairfield,0.0,6,100.0,100.0,100.0,100.0
SGE2015 LA Pref Data_NA_Fairfield,0.1,5,100.0,100.0,100.0,100.0
SGE2015 LA Pref Data_NA_Fairfield,0.2,5,100.0,100.0,100.0,100.0
SGE2015 LA Pref Data_NA_Fairfield,0.3,5,100.0,100.0,100.0,100.0
SGE2015 LA Pref Data_NA_Fairfield,0.4,5,100.0,100.0,100.0,100.0
SGE2015 LA Pref Data_NA_Fairfield,0.5,4,100.0,100.0,100.0,100.0
SGE2015 LA Pref Data_NA_Gosford,0.0,7,100.0,100.0,100.0,100.0
SGE2015 LA Pref Data_NA_Gosford,0.1,6,100.0,100.0,100.0,100.0
SGE2015 LA Pref Data_NA_Gosford,0.2,6,100.0,100.0,100.0,100.0
SGE2015 LA Pref Data_NA_Gosford,0.3,6,100.0,100.0,100.0,100.0
SGE2015 LA Pref Data_NA_Goulburn,0.0,7,100.0,100.0,100.0,100.0
SGE2015 LA Pref Data_NA_Goulburn,0.1,6,100.0,100.0,100.0,100.0
SGE2015 LA Pref Data_NA_Goulburn,0.2,6,100.0,100.0,100.0,100.0
SGE2015 LA Pref Data_NA_Goulburn,0.3,6,100.0,100.0,100.0,100.0
SGE2015 LA Pref Data_NA_Goulburn,0.4,6,100.0,100.0,100.0,100.0
SGE2015 LA Pref Data_NA_Granville,0.0,7,100.0,100.0,100.0,100.0
SGE2015 LA Pref Data_NA_Granville,0.1,6,100.0,100.0,100.0,100.0
SGE2015 LA Pref Data_NA_Granville,0.2,6,100.0,100.0,100.0,100.0
SGE2015 LA Pref Data_NA_Granville,0.3,6,100.0,100.0,100.0,100.0
SGE2015 LA Pref Data_NA_Heathcote,0.0,7,100.0,100.0,100.0,100.0
SGE2015 LA Pref Data_NA_Heathcote,0.1,6,100.0,100.0,100.0,100.0
SGE2015 LA Pref Data_NA_Heathcote,0.2,6,100.0,100.0,100.0,100.0
SGE2015 LA Pref Data_NA_Heathcote,0.3,6,100.0,100.0,100.0,100.0
SGE2015 LA Pref Data_NA_Heathcote,0.4,6,100.0,100.0,100.0,100.0
SGE2015 LA Pref Data_NA_Heffron,0.0,6,100.0,100.0,100.0,100.0
SGE2015 LA Pref Data_NA_Heffron,0.1,5,100.0,100.0,100.0,100.0
SGE2015 LA Pref Data_NA_Heffron,0.2,5,100.0,100.0,100.0,100.0
SGE2015 LA Pref Data_NA_Heffron,0.3,5,100.0,100.0,100.0,100.0
SGE2015 LA Pref Data_NA_Heffron,0.4,5,100.0,100.0,100.0,100.0
SGE2015 LA Pref Data_NA_Heffron,0.5,4,100.0,100.0,100.0,100.0
SGE2015 LA Pref Data_NA_Holsworthy,0.0,7,100.0,100.0,100.0,100.0
SGE2015 LA Pref Data_NA_Holsworthy,0.1,6,100.0,100.0,100.0,100.0
SGE2015 LA Pref Data_NA_Holsworthy,0.2,6,100.0,100.0,100.0,100.0
SGE2015 LA Pref Data_NA_Holsworthy,0.3,6,100.0,100.0,100.0,100.0
SGE2015 LA Pref Data_NA_Holsworthy,0.4,6,100.0,100.0,100.0,100.0
SGE2015 LA Pref Data_NA_Hornsby,0.0,7,100.0,100.0,100.0,100.0
SGE2015 LA Pref Data_NA_Hornsby,0.1,6,100.0,100.0,100.0,100.0
SGE2015 LA Pref Data_NA_Hornsby,0.2,6,100.0,100.0,100.0,100.0
SGE2015 LA Pref Data_NA_Hornsby,0.3,6,100.0,100.0,100.0,100.0
SGE2015 LA Pref Data_NA_Hornsby,0.4,6,100.0,100.0,100.0,100.0
SGE2015 LA Pref Data_NA_Hornsby,0.5,5,100.0,100.0,100.0,100.0
SGE2015 LA Pref Data_NA_Keira,0.0,6,100.0,100.0,100.0,100.0
SGE2015 LA Pref Data_NA_Keira,0.1,5,100.0,100.0,100.0,100.0
SGE2015 LA Pref Data_NA_Keira,0.2,5,100.0,100.0,100.0,100.0
SGE2015 LA Pref Data_NA_Keira,0.3,5,100.0,100.0,100.0,100.0
SGE2015 LA Pref Data_NA_Keira,0.4,5,100.0,100.0,100.0,100.0
SGE2015 LA Pref Data_NA_Keira,0.5,4,100.0,100.0,100.0,100.0
SGE2015 LA Pref Data_NA_Kiama,0.0,6,100.0,100.0,100.0,100.0
SGE2015 LA Pref Data_NA_Kiama,0.1,5,100.0,100.0,100.0,100.0
SGE2015 LA Pref Data_NA_Kiama,0.2,5,100.0,100.0,100.0,100.0
SGE2015 LA Pref Data_NA_Kiama,0.3,5,100.0,100.0,100.0,100.0
SGE2015 LA Pref Data_NA_Kiama,0.4,5,100.0,100.0,100.0,100.0
SGE2015 LA Pref Data_NA_Kiama,0.5,4,100.0,100.0,100.0,100.0
SGE2015 LA Pref Data_NA_Kogarah,0.0,7,100.0,100.0,100.0,100.0
SGE2015 LA Pref Data_NA_Kogarah,0.1,6,100.0,100.0,100.0,100.0
SGE2015 LA Pref Data_NA_Kogarah,0.2,6,100.0,100.0,100.0,100.0
SGE2015 LA Pref Data_NA_Kogarah,0.3,6,100.0,100.0,100.0,100.0
SGE2015 LA Pref Data_NA_Kogarah,0.4,6,100.0,100.0,100.0,100.0
SGE2015 LA Pref Data_NA_Ku-ring-gai,0.0,6,100.0,100.0,100.0,100.0
SGE2015 LA Pref Data_NA_Ku-ring-gai,0.1,5,100.0,100.0,100.0,100.0
SGE2015 LA Pref Data_NA_Ku-ring-gai,0.2,5,100.0,100.0,100.0,100.0
SGE2015 LA Pref Data_NA_Ku-ring-gai,0.3,5,100.0,100.0,100.0,100.0
SGE2015 LA Pref Data_NA_Ku-ring-gai,0.4,5,100.0,100.0,100.0,100.0
SGE2015 LA Pref Data_NA_Ku-ring-gai,0.5,4,100.0,100.0,100.0,100.0
SGE2015 LA Pref Data_NA_Lake Macquarie,0.0,8,100.0,100.0,100.0,100.0
SGE2015 LA Pref Data_NA_Lake Macquarie,0.1,7,100.0,100.0,100.0,100.0
SGE2015 LA Pref Data_NA_Lake Macquarie,0.2,7,100.0,100.0,100.0,100.0
SGE2015 LA Pref Data_NA_Lake Macquarie,0.3,7,100.0,100.0,100.0,100.0
SGE2015 LA Pref Data_NA_Lake Macquarie,0.4,7,100.0,100.0,100.0,100.0
SGE2015 LA Pref Data_NA_Lake Macquarie,0.5,6,100.0,100.0,100.0,100.0
SGE2015 LA Pref Data_NA_Lakemba,0.0,6,100.0,100.0,100.0,100.0
SGE2015 LA Pref Data_NA_Lakemba,0.1,5,100.0,100.0,100.0,100.0
SGE2015 LA Pref Data_NA_Lakemba,0.2,5,100.0,100.0,100.0,100.0
SGE2015 LA Pref Data_NA_Lakemba,0.3,5,100.0,100.0,100.0,100.0
SGE2015 LA Pref Data_NA_Lakemba,0.4,5,100.0,100.0,100.0,100.0
SGE2015 LA Pref Data_NA_Lakemba,0.5,4,100.0,100.0,100.0,100.0
SGE2015 LA Pref Data_NA_Lane Cove,0.0,7,100.0,100.0,100.0,100.0
SGE2015 LA Pref Data_NA_Lane Cove,0.1,6,100.0,100.0,100.0,100.0
SGE2015 LA Pref Data_NA_Lane Cove,0.2,6,100.0,100.0,100.0,100.0
SGE2015 LA Pref Data_NA_Lane Cove,0.3,6,100.0,100.0,100.0,100.0
SGE2015 LA Pref Data_NA_Lane Cove,0.4,6,100.0,100.0,100.0,100.0
SGE2015 LA Pref Data_NA_Lane Cove,0.5,5,100.0,100.0,100.0,100.0
SGE2015 LA Pref Data_NA_Liverpool,0.0,6,100.0,100.0,100.0,100.0
SGE2015 LA Pref Data_NA_Liverpool,0.1,5,100.0,100.0,100.0,100.0
SGE2015 LA Pref Data_NA_Liverpool,0.2,5,100.0,100.0,100.0,100.0
SGE2015 LA Pref Data_NA_Liverpool,0.3,5,100.0,100.0,100.0,100.0
SGE2015 LA Pref Data_NA_Liverpool,0.4,5,100.0,100.0,100.0,100.0
SGE2015 LA Pref Data_NA_Liverpool,0.5,4,100.0,100.0,100.0,100.0
SGE2015 LA Pref Data_NA_Londonderry,0.0,6,100.0,100.0,100.0,100.0
SGE2015 LA Pref Data_NA_Londonderry,0.1,5,100.0,100.0,100.0,100.0
SGE2015 LA Pref Data_NA_Londonderry,0.2,5,100.0,100.0,100.0,100.0
SGE2015 LA Pref Data_NA_Londonderry,0.3,5,100.0,100.0,100.0,100.0
SGE2015 LA Pref Data_NA_Londonderry,0.4,5,100.0,100.0,100.0,100.0
SGE2015 LA Pref Data_NA_Londonderry,0.5,4,100.0,100.0,100.0,100.0
SGE2015 LA Pref Data_NA_Macquarie Fields,0.0,8,100.0,100.0,100.0,100.0
SGE2015 LA Pref Data_NA_Macquarie Fields,0.1,7,100.0,100.0,100.0,100.0
SGE2015 LA Pref Data_NA_Macquarie Fields,0.2,7,100.0,100.0,100.0,100.0
SGE2015 LA Pref Data_NA_Macquarie Fields,0.3,7,100.0,100.0,100.0,100.0
SGE2015 LA Pref Data_NA_Macquarie Fields,0.4,7,100.0,100.0,100.0,100.0
SGE2015 LA Pref Data_NA_Macquarie Fields,0.5,6,100.0,100.0,100.0,100.0
SGE2015 LA Pref Data_NA_Maitland,0.0,7,100.0,100.0,100.0,100.0
SGE2015 LA Pref Data_NA_Maitland,0.1,6,100.0,100.0,100.0,100.0
SGE2015 LA Pref Data_NA_Maitland,0.2,6,100.0,100.0,100.0,100.0
SGE2015 LA Pref Data_NA_Maitland,0.3,6,100.0,100.0,100.0,100.0
SGE2015 LA Pref Data_NA_Maitland,0.4,6,100.0,100.0,100.0,100.0
SGE2015 LA Pref Data_NA_Maitland,0.5,5,100.0,100.0,100.0,100.0
SGE2015 LA Pref Data_NA_Manly,0.0,6,100.0,100.0,100.0,100.0
SGE2015 LA Pref Data_NA_Manly,0.1,5,100.0,100.0,100.0,100.0
SGE2015 LA Pref Data_NA_Manly,0.2,5,100.0,100.0,100.0,100.0
SGE2015 LA Pref Data_NA_Manly,0.3,5,100.0,100.0,100.0,100.0
SGE2015 LA Pref Data_NA_Manly,0.4,5,100.0,100.0,100.0,100.0
SGE2015 LA Pref Data_NA_Manly,0.5,4,100.0,100.0,100.0,100.0
SGE2015 LA Pref Data_NA_Maroubra,0.0,6,100.0,100.0,100.0,100.0
SGE2015 LA Pref Data_NA_Maroubra,0.1,5,100.0,100.0,100.0,100.0
SGE2015 LA Pref Data_NA_Maroubra,0.2,5,100.0,100.0,100.0,100.0
SGE2015 LA Pref Data_NA_Maroubra,0.3,5,100.0,100.0,100.0,100.0
SGE2015 LA Pref Data_NA_Maroubra,0.4,5,100.0,100.0,100.0,100.0
SGE2015 LA Pref Data_NA_Maroubra,0.5,4,100.0,100.0,100.0,100.0
SGE2015 LA Pref Data_NA_Miranda,0.0,7,100.0,100.0,100.0,100.0
SGE2015 LA Pref Data_NA_Miranda,0.1,6,100.0,100.0,100.0,100.0
SGE2015 LA Pref Data_NA_Miranda,0.2,6,100.0,100.0,100.0,100.0
SGE2015 LA Pref Data_NA_Miranda,0.3,6,100.0,100.0,100.0,100.0
SGE2015 LA Pref Data_NA_Miranda,0.4,6,100.0,100.0,100.0,100.0
SGE2015 LA Pref Data_NA_Miranda,0.5,5,100.0,100.0,100.0,100.0
SGE2015 LA Pref Data_NA_Monaro,0.0,6,100.0,100.0,100.0,100.0
SGE2015 LA Pref Data_NA_Monaro,0.1,5,100.0,100.0,100.0,100.0
SGE2015 LA Pref Data_NA_Monaro,0.2,5,100.0,100.0,100.0,100.0
SGE2015 LA Pref Data_NA_Mount Druitt,0.0,6,100.0,100.0,100.0,100.0
SGE2015 LA Pref Data_NA_Mount Druitt,0.1,5,100.0,100.0,100.0,100.0
SGE2015 LA Pref Data_NA_Mount Druitt,0.2,5,100.0,100.0,100.0,100.0
SGE2015 LA Pref Data_NA_Mount Druitt,0.3,5,100.0,100.0,100.0,100.0
SGE2015 LA Pref Data_NA_Mount Druitt,0.4,5,100.0,100.0,100.0,100.0
SGE2015 LA Pref Data_NA_Mount Druitt,0.5,4,100.0,100.0,100.0,100.0
SGE2015 LA Pref Data_NA_Mulgoa,0.0,6,100.0,100.0,100.0,100.0
SGE2015 LA Pref Data_NA_Mulgoa,0.1,5,100.0,100.0,100.0,100.0
SGE2015 LA Pref Data_NA_Mulgoa,0.2,5,100.0,100.0,100.0,100.0
SGE2015 LA Pref Data_NA_Mulgoa,0.3,5,100.0,100.0,100.0,100.0
SGE2015 LA Pref Data_NA_Mulgoa,0.4,5,100.0,100.0,100.0,100.0
SGE2015 LA Pref Data_NA_Mulgoa,0.5,4,100.0,100.0,100.0,100.0
SGE2015 LA Pref Data_NA_Myall Lakes,0.0,7,100.0,100.0,100.0,100.0
SGE2015 LA Pref Data_NA_Myall Lakes,0.1,6,100.0,100.0,100.0,100.0
SGE2015 LA Pref Data_NA_Myall Lakes,0.2,6,100.0,100.0,100.0,100.0
SGE2015 LA Pref Data_NA_Myall Lakes,0.3,6,100.0,100.0,100.0,100.0
SGE2015 LA Pref Data_NA_Myall Lakes,0.4,6,100.0,100.0,100.0,100.0
SGE2015 LA Pref Data_NA_Myall Lakes,0.5,5,100.0,100.0,100.0,100.0
SGE2015 LA Pref Data_NA_Newcastle,0.0,8,100.0,100.0,100.0,100.0
SGE2015 LA Pref Data_NA_Newcastle,0.1,7,100.0,100.0,100.0,100.0
SGE2015 LA Pref Data_NA_Newcastle,0.2,7,100.0,100.0,100.0,100.0
SGE2015 LA Pref Data_NA_Newcastle,0.3,7,100.0,100.0,100.0,100.0
SGE2015 LA Pref Data_NA_Newcastle,0.4,7,100.0,100.0,100.0,100.0
SGE2015 LA Pref Data_NA_Newcastle,0.5,6,100.0,100.0,100.0,100.0
SGE2015 LA Pref Data_NA_Newtown,0.0,8,100.0,100.0,100.0,100.0
SGE2015 LA Pref Data_NA_Newtown,0.1,7,100.0,100.0,100.0,100.0
SGE2015 LA Pref Data_NA_Newtown,0.2,7,100.0,100.0,100.0,100.0
SGE2015 LA Pref Data_NA_Newtown,0.3,7,100.0,100.0,100.0,100.0
SGE2015 LA Pref Data_NA_Newtown,0.4,7,100.0,100.0,100.0,100.0
SGE2015 LA Pref Data_NA_Newtown,0.5,6,100.0,100.0,100.0,100.0
SGE2015 LA Pref Data_NA_North Shore,0.0,8,100.0,100.0,100.0,100.0
SGE2015 LA Pref Data_NA_North Shore,0.1,7,100.0,100.0,100.0,100.0
SGE2015 LA Pref Data_NA_North Shore,0.2,7,100.0,100.0,100.0,100.0
SGE2015 LA Pref Data_NA_North Shore,0.3,7,100.0,100.0,100.0,100.0
SGE2015 LA Pref Data_NA_North Shore,0.4,7,100.0,100.0,100.0,100.0
SGE2015 LA Pref Data_NA_North Shore,0.5,6,100.0,100.0,100.0,100.0
SGE2015 LA Pref Data_NA_Northern Tablelands,0.0,7,100.0,100.0,100.0,100.0
SGE2015 LA Pref Data_NA_Northern Tablelands,0.1,6,100.0,100.0,100.0,100.0
SGE2015 LA Pref Data_NA_Northern Tablelands,0.2,6,100.0,100.0,100.0,100.0
SGE2015 LA Pref Data_NA_Northern Tablelands,0.3,6,100.0,100.0,100.0,100.0
SGE2015 LA Pref Data_NA_Northern Tablelands,0.4,6,100.0,100.0,100.0,100.0
SGE2015 LA Pref Data_NA_Northern Tablelands,0.5,5,100.0,100.0,100.0,100.0
SGE2015 LA Pref Data_NA_Oatley,0.0,6,100.0,100.0,100.0,100.0
SGE2015 LA Pref Data_NA_Oatley,0.1,5,100.0,100.0,100.0,100.0
SGE2015 LA Pref Data_NA_Oatley,0.2,5,100.0,100.0,100.0,100.0
SGE2015 LA Pref Data_NA_Oatley,0.3,5,100.0,100.0,100.0,100.0
SGE2015 LA Pref Data_NA_Oatley,0.4,5,100.0,100.0,100.0,100.0
SGE2015 LA Pref Data_NA_Orange,0.0,6,100.0,100.0,100.0,100.0
SGE2015 LA Pref Data_NA_Orange,0.1,5,100.0,100.0,100.0,100.0
SGE2015 LA Pref Data_NA_Orange,0.2,5,100.0,100.0,100.0,100.0
SGE2015 LA Pref Data_NA_Orange,0.3,5,100.0,100.0,100.0,100.0
SGE2015 LA Pref Data_NA_Orange,0.4,5,100.0,100.0,100.0,100.0
SGE2015 LA Pref Data_NA_Orange,0.5,4,100.0,100.0,100.0,100.0
SGE2015 LA Pref Data_NA_Oxley,0.0,6,100.0,100.0,100.0,100.0
SGE2015 LA Pref Data_NA_Oxley,0.1,5,100.0,100.0,100.0,100.0
SGE2015 LA Pref Data_NA_Oxley,0.2,5,100.0,100.0,100.0,100.0
SGE2015 LA Pref Data_NA_Oxley,0.3,5,100.0,100.0,100.0,100.0
SGE2015 LA Pref Data_NA_Oxley,0.4,5,100.0,100.0,100.0,100.0
SGE2015 LA Pref Data_NA_Oxley,0.5,4,100.0,100.0,100.0,100.0
SGE2015 LA Pref Data_NA_Parramatta,0.0,8,100.0,100.0,100.0,100.0
SGE2015 LA Pref Data_NA_Parramatta,0.1,7,100.0,100.0,100.0,100.0
SGE2015 LA Pref Data_NA_Parramatta,0.2,7,100.0,100.0,100.0,100.0
SGE2015 LA Pref Data_NA_Parramatta,0.3,7,100.0,100.0,100.0,100.0
SGE2015 LA Pref Data_NA_Parramatta,0.4,7,100.0,100.0,100.0,100.0
SGE2015 LA Pref Data_NA_Parramatta,0.5,6,100.0,100.0,100.0,100.0
SGE2015 LA Pref Data_NA_Pittwater,0.0,6,100.0,100.0,100.0,100.0
SGE2015 LA Pref Data_NA_Pittwater,0.1,5,100.0,100.0,100.0,100.0
SGE2015 LA Pref Data_NA_Pittwater,0.2,5,100.0,100.0,100.0,100.0
SGE2015 LA Pref Data_NA_Pittwater,0.3,5,100.0,100.0,100.0,100.0
SGE2015 LA Pref Data_NA_Pittwater,0.4,5,100.0,100.0,100.0,100.0
SGE2015 LA Pref Data_NA_Pittwater,0.5,4,100.0,100.0,100.0,100.0
SGE2015 LA Pref Data_NA_Port Macquarie,0.0,6,100.0,100.0,100.0,100.0
SGE2015 LA Pref Data_NA_Port Macquarie,0.1,5,100.0,100.0,100.0,100.0
SGE2015 LA Pref Data_NA_Port Macquarie,0.2,5,100.0,100.0,100.0,100.0
SGE2015 LA Pref Data_NA_Port Macquarie,0.3,5,100.0,100.0,100.0,100.0
SGE2015 LA Pref Data_NA_Port Macquarie,0.4,5,100.0,100.0,100.0,100.0
SGE2015 LA Pref Data_NA_Port Macquarie,0.5,4,100.0,100.0,100.0,100.0
SGE2015 LA Pref Data_NA_Port Stephens,0.0,6,100.0,100.0,100.0,100.0
SGE2015 LA Pref Data_NA_Port Stephens,0.1,5,100.0,100.0,100.0,100.0
SGE2015 LA Pref Data_NA_Port Stephens,0.2,5,100.0,100.0,100.0,100.0
SGE2015 LA Pref Data_NA_Port Stephens,0.3,5,100.0,100.0,100.0,100.0
SGE2015 LA Pref Data_NA_Port Stephens,0.4,5,100.0,100.0,100.0,100.0
SGE2015 LA Pref Data_NA_Port Stephens,0.5,4,100.0,100.0,100.0,100.0
SGE2015 LA Pref Data_NA_Prospect,0.0,6,100.0,100.0,100.0,100.0
SGE2015 LA Pref Data_NA_Prospect,0.1,5,100.0,100.0,100.0,100.0
SGE2015 LA Pref Data_NA_Prospect,0.2,5,100.0,100.0,100.0,100.0
SGE2015 LA Pref Data_NA_Prospect,0.3,5,100.0,100.0,100.0,100.0
SGE2015 LA Pref Data_NA_Prospect,0.4,5,100.0,100.0,100.0,100.0
SGE2015 LA Pref Data_NA_Riverstone,0.0,6,100.0,100.0,100.0,100.0
SGE2015 LA Pref Data_NA_Riverstone,0.1,5,100.0,100.0,100.0,100.0
SGE2015 LA Pref Data_NA_Riverstone,0.2,5,100.0,100.0,100.0,100.0
SGE2015 LA Pref Data_NA_Riverstone,0.3,5,100.0,100.0,100.0,100.0
SGE2015 LA Pref Data_NA_Riverstone,0.4,5,100.0,100.0,100.0,100.0
SGE2015 LA Pref Data_NA_Riverstone,0.5,4,100.0,100.0,100.0,100.0
SGE2015 LA Pref Data_NA_Rockdale,0.0,7,100.0,100.0,100.0,100.0
SGE2015 LA Pref Data_NA_Rockdale,0.1,6,100.0,100.0,100.0,100.0
SGE2015 LA Pref Data_NA_Rockdale,0.2,6,100.0,100.0,100.0,100.0
SGE2015 LA Pref Data_NA_Rockdale,0.3,6,100.0,100.0,100.0,100.0
SGE2015 LA Pref Data_NA_Ryde,0.0,6,100.0,100.0,100.0,100.0
SGE2015 LA Pref Data_NA_Ryde,0.1,5,100.0,100.0,100.0,100.0
SGE2015 LA Pref Data_NA_Ryde,0.2,5,100.0,100.0,100.0,100.0
SGE2015 LA Pref Data_NA_Ryde,0.3,5,100.0,100.0,100.0,100.0
SGE2015 LA Pref Data_NA_Ryde,0.4,5,100.0,100.0,100.0,100.0
SGE2015 LA Pref Data_NA_Ryde,0.5,4,100.0,100.0,100.0,100.0
SGE2015 LA Pref Data_NA_Seven Hills,0.0,8,100.0,100.0,100.0,100.0
SGE2015 LA Pref Data_NA_Seven Hills,0.1,7,100.0,100.0,100.0,100.0
SGE2015 LA Pref Data_NA_Seven Hills,0.2,7,100.0,100.0,100.0,100.0
SGE2015 LA Pref Data_NA_Seven Hills,0.3,7,100.0,100.0,100.0,100.0
SGE2015 LA Pref Data_NA_Seven Hills,0.4,7,100.0,100.0,100.0,100.0
SGE2015 LA Pref Data_NA_Seven Hills,0.5,6,100.0,100.0,100.0,100.0
SGE2015 LA Pref Data_NA_Shellharbour,0.0,8,100.0,100.0,100.0,100.0
SGE2015 LA Pref Data_NA_Shellharbour,0.1,7,100.0,100.0,100.0,100.0
SGE2015 LA Pref Data_NA_Shellharbour,0.2,7,100.0,100.0,100.0,100.0
SGE2015 LA Pref Data_NA_Shellharbour,0.3,7,100.0,100.0,100.0,100.0
SGE2015 LA Pref Data_NA_Shellharbour,0.4,7,100.0,100.0,100.0,100.0
SGE2015 LA Pref Data_NA_Shellharbour,0.5,6,100.0,100.0,100.0,100.0
SGE2015 LA Pref Data_NA_South Coast,0.0,6,100.0,100.0,100.0,100.0
SGE2015 LA Pref Data_NA_South Coast,0.1,5,100.0,100.0,100.0,100.0
SGE2015 LA Pref Data_NA_South Coast,0.2,5,100.0,100.0,100.0,100.0
SGE2015 LA Pref Data_NA_South Coast,0.3,5,100.0,100.0,100.0,100.0
SGE2015 LA Pref Data_NA_South Coast,0.4,5,100.0,100.0,100.0,100.0
SGE2015 LA Pref Data_NA_South Coast,0.5,4,100.0,100.0,100.0,100.0
SGE2015 LA Pref Data_NA_Strathfield,0.0,6,100.0,100.0,100.0,100.0
SGE2015 LA Pref Data_NA_Strathfield,0.1,5,100.0,100.0,100.0,100.0
SGE2015 LA Pref Data_NA_Strathfield,0.2,5,100.0,100.0,100.0,100.0
SGE2015 LA Pref Data_NA_Strathfield,0.3,5,100.0,100.0,100.0,100.0
SGE2015 LA Pref Data_NA_Summer Hill,0.0,8,100.0,100.0,100.0,100.0
SGE2015 LA Pref Data_NA_Summer Hill,0.1,7,100.0,100.0,100.0,100.0
SGE2015 LA Pref Data_NA_Summer Hill,0.2,7,100.0,100.0,100.0,100.0
SGE2015 LA Pref Data_NA_Summer Hill,0.3,7,100.0,100.0,100.0,100.0
SGE2015 LA Pref Data_NA_Summer Hill,0.4,7,100.0,100.0,100.0,100.0
SGE2015 LA Pref Data_NA_Summer Hill,0.5,6,100.0,100.0,100.0,100.0
SGE2015 LA Pref Data_NA_Tamworth,0.0,8,100.0,100.0,100.0,100.0
SGE2015 LA Pref Data_NA_Tamworth,0.1,7,100.0,100.0,100.0,100.0
SGE2015 LA Pref Data_NA_Tamworth,0.2,7,100.0,100.0,100.0,100.0
SGE2015 LA Pref Data_NA_Tamworth,0.3,7,100.0,100.0,100.0,100.0
SGE2015 LA Pref Data_NA_Tamworth,0.4,7,100.0,100.0,100.0,100.0
SGE2015 LA Pref Data_NA_Tamworth,0.5,6,100.0,100.0,100.0,100.0
SGE2015 LA Pref Data_NA_Terrigal,0.0,6,100.0,100.0,100.0,100.0
SGE2015 LA Pref Data_NA_Terrigal,0.1,5,100.0,100.0,100.0,100.0
SGE2015 LA Pref Data_NA_Terrigal,0.2,5,100.0,100.0,100.0,100.0
SGE2015 LA Pref Data_NA_Terrigal,0.3,5,100.0,100.0,100.0,100.0
SGE2015 LA Pref Data_NA_Terrigal,0.4,5,100.0,100.0,100.0,100.0
SGE2015 LA Pref Data_NA_Terrigal,0.5,4,100.0,100.0,100.0,100.0
SGE2015 LA Pref Data_NA_The Entrance,0.0,6,100.0,100.0,100.0,100.0
SGE2015 LA Pref Data_NA_The Entrance,0.1,5,100.0,100.0,100.0,100.0
SGE2015 LA Pref Data_NA_The Entrance,0.2,5,100.0,100.0,100.0,100.0
SGE2015 LA Pref Data_NA_The Entrance,0.3,5,100.0,100.0,100.0,100.0
SGE2015 LA Pref Data_NA_Tweed,0.0,6,100.0,100.0,100.0,100.0
SGE2015 LA Pref Data_NA_Tweed,0.1,5,100.0,100.0,100.0,100.0
SGE2015 LA Pref Data_NA_Tweed,0.2,5,100.0,100.0,100.0,100.0
SGE2015 LA Pref Data_NA_Upper Hunter,0.0,7,100.0,100.0,100.0,100.0
SGE2015 LA Pref Data_NA_Upper Hunter,0.1,6,100.0,100.0,100.0,100.0
SGE2015 LA Pref Data_NA_Upper Hunter,0.2,6,100.0,100.0,100.0,100.0
SGE2015 LA Pref Data_NA_Vaucluse,0.0,6,100.0,100.0,100.0,100.0
SGE2015 LA Pref Data_NA_Vaucluse,0.1,5,100.0,100.0,100.0,100.0
SGE2015 LA Pref Data_NA_Vaucluse,0.2,5,100.0,100.0,100.0,100.0
SGE2015 LA Pref Data_NA_Vaucluse,0.3,5,100.0,100.0,100.0,100.0
SGE2015 LA Pref Data_NA_Vaucluse,0.4,5,100.0,100.0,100.0,100.0
SGE2015 LA Pref Data_NA_Vaucluse,0.5,4,100.0,100.0,100.0,100.0
SGE2015 LA Pref Data_NA_Wagga Wagga,0.0,7,100.0,100.0,100.0,100.0
SGE2015 LA Pref Data_NA_Wagga Wagga,0.1,6,100.0,100.0,100.0,100.0
SGE2015 LA Pref Data_NA_Wagga Wagga,0.2,6,100.0,100.0,100.0,100.0
SGE2015 LA Pref Data_NA_Wagga Wagga,0.3,6,100.0,100.0,100.0,100.0
SGE2015 LA Pref Data_NA_Wagga Wagga,0.4,6,100.0,100.0,100.0,100.0
SGE2015 LA Pref Data_NA_Wagga Wagga,0.5,5,100.0,100.0,100.0,100.0
SGE2015 LA Pref Data_NA_Wakehurst,0.0,7,100.0,100.0,100.0,100.0
SGE2015 LA Pref Data_NA_Wakehurst,0.1,6,100.0,100.0,100.0,100.0
SGE2015 LA Pref Data_NA_Wakehurst,0.2,6,100.0,100.0,100.0,100.0
SGE2015 LA Pref Data_NA_Wakehurst,0.3,6,100.0,100.0,100.0,100.0
SGE2015 LA Pref Data_NA_Wakehurst,0.4,6,100.0,100.0,100.0,100.0
SGE2015 LA Pref Data_NA_Wakehurst,0.5,5,100.0,100.0,100.0,100.0
SGE2015 LA Pref Data_NA_Wallsend,0.0,6,100.0,100.0,100.0,100.0
SGE2015 LA Pref Data_NA_Wallsend,0.1,5,100.0,100.0,100.0,100.0
SGE2015 LA Pref Data_NA_Wallsend,0.2,5,100.0,100.0,100.0,100.0
SGE2015 LA Pref Data_NA_Wallsend,0.3,5,100.0,100.0,100.0,100.0
SGE2015 LA Pref Data_NA_Wallsend,0.4,5,100.0,100.0,100.0,100.0
SGE2015 LA Pref Data_NA_Wallsend,0.5,4,100.0,100.0,100.0,100.0
SGE2015 LA Pref Data_NA_Willoughby,0.0,7,100.0,100.0,100.0,100.0
SGE2015 LA Pref Data_NA_Willoughby,0.1,6,100.0,100.0,100.0,100.0
SGE2015 LA Pref Data_NA_Willoughby,0.2,6,100.0,100.0,100.0,100.0
SGE2015 LA Pref Data_NA_Willoughby,0.3,6,100.0,100.0,100.0,100.0
SGE2015 LA Pref Data_NA_Willoughby,0.4,6,100.0,100.0,100.0,100.0
SGE2015 LA Pref Data_NA_Willoughby,0.5,5,100.0,100.0,100.0,100.0
SGE2015 LA Pref Data_NA_Wollondilly,0.0,7,100.0,100.0,100.0,100.0
SGE2015 LA Pref Data_NA_Wollondilly,0.1,6,100.0,100.0,100.0,100.0
SGE2015 LA Pref Data_NA_Wollondilly,0.2,6,100.0,100.0,100.0,100.0
SGE2015 LA Pref Data_NA_Wollondilly,0.3,6,100.0,100.0,100.0,100.0
SGE2015 LA Pref Data_NA_Wollondilly,0.4,6,100.0,100.0,100.0,100.0
SGE2015 LA Pref Data_NA_Wollondilly,0.5,5,100.0,100.0,100.0,100.0
SGE2015 LA Pref Data_NA_Wollongong,0.0,8,100.0,100.0,100.0,100.0
SGE2015 LA Pref Data_NA_Wollongong,0.1,7,100.0,100.0,100.0,100.0
SGE2015 LA Pref Data_NA_Wollongong,0.2,7,100.0,100.0,100.0,100.0
SGE2015 LA Pref Data_NA_Wollongong,0.3,7,100.0,100.0,100.0,100.0
SGE2015 LA Pref Data_NA_Wollongong,0.4,7,100.0,100.0,100.0,100.0
SGE2015 LA Pref Data_NA_Wollongong,0.5,6,100.0,100.0,100.0,100.0
SGE2015 LA Pref Data_NA_Wyong,0.0,8,100.0,100.0,100.0,100.0
SGE2015 LA Pref Data_NA_Wyong,0.1,7,100.0,100.0,100.0,100.0
SGE2015 LA Pref Data_NA_Wyong,0.2,7,100.0,100.0,100.0,100.0
SGE2015 LA Pref Data_NA_Wyong,0.3,7,100.0,100.0,100.0,100.0
SGE2015 LA Pref Data_NA_Wyong,0.4,7,100.0,100.0,100.0,100.0
SGE2015 LA Pref Data_NA_Wyong,0.5,6,100.0,100.0,100.0,100.0
SGE2019 LA Pref Data Albury,0.0,6,100.0,100.0,100.0,100.0
SGE2019 LA Pref Data Albury,0.1,5,100.0,100.0,100.0,100.0
SGE2019 LA Pref Data Albury,0.2,5,100.0,100.0,100.0,100.0
SGE2019 LA Pref Data Albury,0.3,5,100.0,100.0,100.0,100.0
SGE2019 LA Pref Data Albury,0.4,5,100.0,100.0,100.0,100.0
SGE2019 LA Pref Data Albury,0.5,4,100.0,100.0,100.0,100.0
SGE2019 LA Pref Data Auburn,0.0,6,100.0,100.0,100.0,100.0
SGE2019 LA Pref Data Auburn,0.1,5,100.0,100.0,100.0,100.0
SGE2019 LA Pref Data Auburn,0.2,5,100.0,100.0,100.0,100.0
SGE2019 LA Pref Data Auburn,0.3,5,100.0,100.0,100.0,100.0
SGE2019 LA Pref Data Auburn,0.4,5,100.0,100.0,100.0,100.0
SGE2019 LA Pref Data Auburn,0.5,4,100.0,100.0,100.0,100.0
SGE2019 LA Pref Data Ballina,0.0,7,100.0,100.0,100.0,100.0
SGE2019 LA Pref Data Ballina,0.1,6,100.0,100.0,100.0,100.0
SGE2019 LA Pref Data Ballina,0.2,6,100.0,100.0,100.0,100.0
SGE2019 LA Pref Data Ballina,0.3,6,100.0,100.0,100.0,100.0
SGE2019 LA Pref Data Ballina,0.4,6,100.0,100.0,100.0,100.0
SGE2019 LA Pref Data Ballina,0.5,5,100.0,100.0,100.0,100.0
SGE2019 LA Pref Data Balmain,0.0,7,100.0,100.0,100.0,100.0
SGE2019 LA Pref Data Balmain,0.1,6,100.0,100.0,100.0,100.0
SGE2019 LA Pref Data Balmain,0.2,6,100.0,100.0,100.0,100.0
SGE2019 LA Pref Data Balmain,0.3,6,100.0,100.0,100.0,100.0
SGE2019 LA Pref Data Balmain,0.4,6,100.0,100.0,100.0,100.0
SGE2019 LA Pref Data Balmain,0.5,5,100.0,100.0,100.0,100.0
SGE2019 LA Pref Data Bankstown,0.0,5,100.0,100.0,100.0,100.0
SGE2019 LA Pref Data Bankstown,0.1,4,100.0,100.0,100.0,100.0
SGE2019 LA Pref Data Bankstown,0.2,4,100.0,100.0,100.0,100.0
SGE2019 LA Pref Data Bankstown,0.3,4,100.0,100.0,100.0,100.0
SGE2019 LA Pref Data Bankstown,0.4,4,100.0,100.0,100.0,100.0
SGE2019 LA Pref Data Bankstown,0.5,3,100.0,100.0,100.0,100.0
SGE2019 LA Pref Data Bathurst,0.0,7,100.0,100.0,100.0,100.0
SGE2019 LA Pref Data Bathurst,0.1,6,100.0,100.0,100.0,100.0
SGE2019 LA Pref Data Bathurst,0.2,6,100.0,100.0,100.0,100.0
SGE2019 LA Pref Data Bathurst,0.3,6,100.0,100.0,100.0,100.0
SGE2019 LA Pref Data Bathurst,0.4,6,100.0,100.0,100.0,100.0
SGE2019 LA Pref Data Bathurst,0.5,5,100.0,100.0,100.0,100.0
SGE2019 LA Pref Data Baulkham Hills,0.0,7,100.0,100.0,100.0,100.0
SGE2019 LA Pref Data Baulkham Hills,0.1,6,100.0,100.0,100.0,100.0
SGE2019 LA Pref Data Baulkham Hills,0.2,6,100.0,100.0,100.0,100.0
SGE2019 LA Pref Data Baulkham Hills,0.3,6,100.0,100.0,100.0,100.0
SGE2019 LA Pref Data Baulkham Hills,0.4,6,100.0,100.0,100.0,100.0
SGE2019 LA Pref Data Baulkham Hills,0.5,5,100.0,100.0,100.0,100.0
SGE2019 LA Pref Data Bega,0.0,7,100.0,100.0,100.0,100.0
SGE2019 LA Pref Data Bega,0.1,6,100.0,100.0,100.0,100.0
SGE2019 LA Pref Data Bega,0.2,6,100.0,100.0,100.0,100.0
SGE2019 LA Pref Data Bega,0.3,6,100.0,100.0,100.0,100.0
SGE2019 LA Pref Data Bega,0.4,6,100.0,100.0,100.0,100.0
SGE2019 LA Pref Data Blacktown,0.0,6,100.0,100.0,100.0,100.0
SGE2019 LA Pref Data Blacktown,0.1,5,100.0,100.0,100.0,100.0
SGE2019 LA Pref Data Blacktown,0.2,5,100.0,100.0,100.0,100.0
SGE2019 LA Pref Data Blacktown,0.3,5,100.0,100.0,100.0,100.0
SGE2019 LA Pref Data Blacktown,0.4,5,100.0,100.0,100.0,100.0
SGE2019 LA Pref Data Blacktown,0.5,4,100.0,100.0,100.0,100.0
SGE2019 LA Pref Data Blue Mountains,0.0,8,100.0,100.0,100.0,100.0
SGE2019 LA Pref Data Blue Mountains,0.1,7,100.0,100.0,100.0,100.0
SGE2019 LA Pref Data Blue Mountains,0.2,7,100.0,100.0,100.0,100.0
SGE2019 LA Pref Data Blue Mountains,0.3,7,100.0,100.0,100.0,100.0
SGE2019 LA Pref Data Blue Mountains,0.4,7,100.0,100.0,100.0,100.0
SGE2019 LA Pref Data Blue Mountains,0.5,6,100.0,100.0,100.0,100.0
SGE2019 LA Pref Data Cabramatta,0.0,6,100.0,100.0,100.0,100.0
SGE2019 LA Pref Data Cabramatta,0.1,5,100.0,100.0,100.0,100.0
SGE2019 LA Pref Data Cabramatta,0.2,5,100.0,100.0,100.0,100.0
SGE2019 LA Pref Data Cabramatta,0.3,5,100.0,100.0,100.0,100.0
SGE2019 LA Pref Data Cabramatta,0.4,5,100.0,100.0,100.0,100.0
SGE2019 LA Pref Data Cabramatta,0.5,4,100.0,100.0,100.0,100.0
SGE2019 LA Pref Data Camden,0.0,8,100.0,100.0,100.0,100.0
SGE2019 LA Pref Data Camden,0.1,7,100.0,100.0,100.0,100.0
SGE2019 LA Pref Data Camden,0.2,7,100.0,100.0,100.0,100.0
SGE2019 LA Pref Data Camden,0.3,7,100.0,100.0,100.0,100.0
SGE2019 LA Pref Data Camden,0.4,7,100.0,100.0,100.0,100.0
SGE2019 LA Pref Data Camden,0.5,6,100.0,100.0,100.0,100.0
SGE2019 LA Pref Data Campbelltown,0.0,8,100.0,100.0,100.0,100.0
SGE2019 LA Pref Data Campbelltown,0.1,7,100.0,100.0,100.0,100.0
SGE2019 LA Pref Data Campbelltown,0.2,7,100.0,100.0,100.0,100.0
SGE2019 LA Pref Data Campbelltown,0.3,7,100.0,100.0,100.0,100.0
SGE2019 LA Pref Data Campbelltown,0.4,7,100.0,100.0,100.0,100.0
SGE2019 LA Pref Data Campbelltown,0.5,6,100.0,100.0,100.0,100.0
SGE2019 LA Pref Data Canterbury,0.0,5,100.0,100.0,100.0,100.0
SGE2019 LA Pref Data Canterbury,0.1,4,100.0,100.0,100.0,100.0
SGE2019 LA Pref Data Canterbury,0.2,4,100.0,100.0,100.0,100.0
SGE2019 LA Pref Data Canterbury,0.3,4,100.0,100.0,100.0,100.0
SGE2019 LA Pref Data Canterbury,0.4,4,100.0,100.0,100.0,100.0
SGE2019 LA Pref Data Canterbury,0.5,3,100.0,100.0,100.0,100.0
SGE2019 LA Pref Data Castle Hill,0.0,5,100.0,100.0,100.0,100.0
SGE2019 LA Pref Data Castle Hill,0.1,4,100.0,100.0,100.0,100.0
SGE2019 LA Pref Data Castle Hill,0.2,4,100.0,100.0,100.0,100.0
SGE2019 LA Pref Data Castle Hill,0.3,4,100.0,100.0,100.0,100.0
SGE2019 LA Pref Data Castle Hill,0.4,4,100.0,100.0,100.0,100.0
SGE2019 LA Pref Data Castle Hill,0.5,3,100.0,100.0,100.0,100.0
SGE2019 LA Pref Data Cessnock,0.0,6,100.0,100.0,100.0,100.0
SGE2019 LA Pref Data Cessnock,0.1,5,100.0,100.0,100.0,100.0
SGE2019 LA Pref Data Cessnock,0.2,5,100.0,100.0,100.0,100.0
SGE2019 LA Pref Data Cessnock,0.3,5,100.0,100.0,100.0,100.0
SGE2019 LA Pref Data Cessnock,0.4,5,100.0,100.0,100.0,100.0
SGE2019 LA Pref Data Cessnock,0.5,4,100.0,100.0,100.0,100.0
SGE2019 LA Pref Data Charlestown,0.0,5,100.0,100.0,100.0,100.0
SGE2019 LA Pref Data Charlestown,0.1,4,100.0,100.0,100.0,100.0
SGE2019 LA Pref Data Charlestown,0.2,4,100.0,100.0,100.0,100.0
SGE2019 LA Pref Data Charlestown,0.3,4,100.0,100.0,100.0,100.0
SGE2019 LA Pref Data Charlestown,0.4,4,100.0,100.0,100.0,100.0
SGE2019 LA Pref Data Charlestown,0.5,3,100.0,100.0,100.0,100.0
SGE2019 LA Pref Data Clarence,0.0,7,100.0,100.0,100.0,100.0
SGE2019 LA Pref Data Clarence,0.1,6,100.0,100.0,100.0,100.0
SGE2019 LA Pref Data Clarence,0.2,6,100.0,100.0,100.0,100.0
SGE2019 LA Pref Data Clarence,0.3,6,100.0,100.0,100.0,100.0
SGE2019 LA Pref Data Clarence,0.4,6,100.0,100.0,100.0,100.0
SGE2019 LA Pref Data Clarence,0.5,5,100.0,100.0,100.0,100.0
SGE2019 LA Pref Data Cootamundra,0.0,7,100.0,100.0,100.0,100.0
SGE2019 LA Pref Data Cootamundra,0.1,6,100.0,100.0,100.0,100.0
SGE2019 LA Pref Data Cootamundra,0.2,6,100.0,100.0,100.0,100.0
SGE2019 LA Pref Data Cootamundra,0.3,6,100.0,100.0,100.0,100.0
SGE2019 LA Pref Data Cootamundra,0.4,6,100.0,100.0,100.0,100.0
SGE2019 LA Pref Data Cootamundra,0.5,5,100.0,100.0,100.0,100.0
SGE2019 LA Pref Data Cronulla,0.0,6,100.0,100.0,100.0,100.0
SGE2019 LA Pref Data Cronulla,0.1,5,100.0,100.0,100.0,100.0
SGE2019 LA Pref Data Cronulla,0.2,5,100.0,100.0,100.0,100.0
SGE2019 LA Pref Data Cronulla,0.3,5,100.0,100.0,100.0,100.0
SGE2019 LA Pref Data Cronulla,0.4,5,100.0,100.0,100.0,100.0
SGE2019 LA Pref Data Cronulla,0.5,4,100.0,100.0,100.0,100.0
SGE2019 LA Pref Data Davidson,0.0,6,100.0,100.0,100.0,100.0
SGE2019 LA Pref Data Davidson,0.1,5,100.0,100.0,100.0,100.0
SGE2019 LA Pref Data Davidson,0.2,5,100.0,100.0,100.0,100.0
SGE2019 LA Pref Data Davidson,0.3,5,100.0,100.0,100.0,100.0
SGE2019 LA Pref Data Davidson,0.4,5,100.0,100.0,100.0,100.0
SGE2019 LA Pref Data Davidson,0.5,4,100.0,100.0,100.0,100.0
SGE2019 LA Pref Data Drummoyne,0.0,6,100.0,100.0,100.0,100.0
SGE2019 LA Pref Data Drummoyne,0.1,5,100.0,100.0,100.0,100.0
SGE2019 LA Pref Data Drummoyne,0.2,5,100.0,100.0,100.0,100.0
SGE2019 LA Pref Data Drummoyne,0.3,5,100.0,100.0,100.0,100.0
SGE2019 LA Pref Data Drummoyne,0.4,5,100.0,100.0,100.0,100.0
SGE2019 LA Pref Data Drummoyne,0.5,4,100.0,100.0,100.0,100.0
SGE2019 LA Pref Data Dubbo,0.0,8,100.0,100.0,100.0,100.0
SGE2019 LA Pref Data Dubbo,0.1,7,100.0,100.0,100.0,100.0
SGE2019 LA Pref Data Dubbo,0.2,7,100.0,100.0,100.0,100.0
SGE2019 LA Pref Data East Hills,0.0,8,100.0,100.0,100.0,100.0
SGE2019 LA Pref Data Epping,0.0,6,100.0,100.0,100.0,100.0
SGE2019 LA Pref Data Epping,0.1,5,100.0,100.0,100.0,100.0
SGE2019 LA Pref Data Epping,0.2,5,100.0,100.0,100.0,100.0
SGE2019 LA Pref Data Epping,0.3,5,100.0,100.0,100.0,100.0
SGE2019 LA Pref Data Epping,0.4,5,100.0,100.0,100.0,100.0
SGE2019 LA Pref Data Epping,0.5,4,100.0,100.0,100.0,100.0
SGE2019 LA Pref Data Fairfield,0.0,5,100.0,100.0,100.0,100.0
SGE2019 LA Pref Data Fairfield,0.1,4,100.0,100.0,100.0,100.0
SGE2019 LA Pref Data Fairfield,0.2,4,100.0,100.0,100.0,100.0
SGE2019 LA Pref Data Fairfield,0.3,4,100.0,100.0,100.0,100.0
SGE2019 LA Pref Data Fairfield,0.4,4,100.0,100.0,100.0,100.0
SGE2019 LA Pref Data Fairfield,0.5,3,100.0,100.0,100.0,100.0
SGE2019 LA Pref Data Gosford,0.0,7,100.0,100.0,100.0,100.0
SGE2019 LA Pref Data Gosford,0.1,6,100.0,100.0,100.0,100.0
SGE2019 LA Pref Data Gosford,0.2,6,100.0,100.0,100.0,100.0
SGE2019 LA Pref Data Gosford,0.3,6,100.0,100.0,100.0,100.0
SGE2019 LA Pref Data Gosford,0.4,6,100.0,100.0,100.0,100.0
SGE2019 LA Pref Data Gosford,0.5,5,100.0,100.0,100.0,100.0
SGE2019 LA Pref Data Goulburn,0.0,8,100.0,100.0,100.0,100.0
SGE2019 LA Pref Data Goulburn,0.1,7,100.0,100.0,100.0,100.0
SGE2019 LA Pref Data Goulburn,0.2,7,100.0,100.0,100.0,100.0
SGE2019 LA Pref Data Heathcote,0.0,6,100.0,100.0,100.0,100.0
SGE2019 LA Pref Data Heathcote,0.1,5,100.0,100.0,100.0,100.0
SGE2019 LA Pref Data Heathcote,0.2,5,100.0,100.0,100.0,100.0
SGE2019 LA Pref Data Heathcote,0.3,5,100.0,100.0,100.0,100.0
SGE2019 LA Pref Data Heffron,0.0,6,100.0,100.0,100.0,100.0
SGE2019 LA Pref Data Heffron,0.1,5,100.0,100.0,100.0,100.0
SGE2019 LA Pref Data Heffron,0.2,5,100.0,100.0,100.0,100.0
SGE2019 LA Pref Data Heffron,0.3,5,100.0,100.0,100.0,100.0
SGE2019 LA Pref Data Heffron,0.4,5,100.0,100.0,100.0,100.0
SGE2019 LA Pref Data Heffron,0.5,4,100.0,100.0,100.0,100.0
SGE2019 LA Pref Data Holsworthy,0.0,7,100.0,100.0,100.0,100.0
SGE2019 LA Pref Data Holsworthy,0.1,6,100.0,100.0,100.0,100.0
SGE2019 LA Pref Data Holsworthy,0.2,6,100.0,100.0,100.0,100.0
SGE2019 LA Pref Data Keira,0.0,5,100.0,100.0,100.0,100.0
SGE2019 LA Pref Data Keira,0.1,4,100.0,100.0,100.0,100.0
SGE2019 LA Pref Data Keira,0.2,4,100.0,100.0,100.0,100.0
SGE2019 LA Pref Data Keira,0.3,4,100.0,100.0,100.0,100.0
SGE2019 LA Pref Data Keira,0.4,4,100.0,100.0,100.0,100.0
SGE2019 LA Pref Data Keira,0.5,3,100.0,100.0,100.0,100.0
SGE2019 LA Pref Data Kiama,0.0,6,100.0,100.0,100.0,100.0
SGE2019 LA Pref Data Kiama,0.1,5,100.0,100.0,100.0,100.0
SGE2019 LA Pref Data Kiama,0.2,5,100.0,100.0,100.0,100.0
SGE2019 LA Pref Data Kiama,0.3,5,100.0,100.0,100.0,100.0
SGE2019 LA Pref Data Kiama,0.4,5,100.0,100.0,100.0,100.0
SGE2019 LA Pref Data Kiama,0.5,4,100.0,100.0,100.0,100.0
SGE2019 LA Pref Data Kogarah,0.0,6,100.0,100.0,100.0,100.0
SGE2019 LA Pref Data Kogarah,0.1,5,100.0,100.0,100.0,100.0
SGE2019 LA Pref Data Kogarah,0.2,5,100.0,100.0,100.0,100.0
SGE2019 LA Pref Data Ku-ring-gai,0.0,7,100.0,100.0,100.0,100.0
SGE2019 LA Pref Data Ku-ring-gai,0.1,6,100.0,100.0,100.0,100.0
SGE2019 LA Pref Data Ku-ring-gai,0.2,6,100.0,100.0,100.0,100.0
SGE2019 LA Pref Data Ku-ring-gai,0.3,6,100.0,100.0,100.0,100.0
SGE2019 LA Pref Data Ku-ring-gai,0.4,6,100.0,100.0,100.0,100.0
SGE2019 LA Pref Data Ku-ring-gai,0.5,5,100.0,100.0,100.0,100.0
SGE2019 LA Pref Data Lake Macquarie,0.0,7,100.0,100.0,100.0,100.0
SGE2019 LA Pref Data Lake Macquarie,0.1,6,100.0,100.0,100.0,100.0
SGE2019 LA Pref Data Lake Macquarie,0.2,6,100.0,100.0,100.0,100.0
SGE2019 LA Pref Data Lake Macquarie,0.3,6,100.0,100.0,100.0,100.0
SGE2019 LA Pref Data Lake Macquarie,0.4,6,100.0,100.0,100.0,100.0
SGE2019 LA Pref Data Lake Macquarie,0.5,5,100.0,100.0,100.0,100.0
SGE2019 LA Pref Data Lakemba,0.0,7,100.0,100.0,100.0,100.0
SGE2019 LA Pref Data Lakemba,0.1,6,100.0,100.0,100.0,100.0
SGE2019 LA Pref Data Lakemba,0.2,6,100.0,100.0,100.0,100.0
SGE2019 LA Pref Data Lakemba,0.3,6,100.0,100.0,100.0,100.0
SGE2019 LA Pref Data Lakemba,0.4,6,100.0,100.0,100.0,100.0
SGE2019 LA Pref Data Lakemba,0.5,5,100.0,100.0,100.0,100.0
SGE2019 LA Pref Data Lane Cove,0.0,7,100.0,100.0,100.0,100.0
SGE2019 LA Pref Data Lane Cove,0.1,6,100.0,100.0,100.0,100.0
SGE2019 LA Pref Data Lane Cove,0.2,6,100.0,100.0,100.0,100.0
SGE2019 LA Pref Data Lane Cove,0.3,6,100.0,100.0,100.0,100.0
SGE2019 LA Pref Data Lane Cove,0.4,6,100.0,100.0,100.0,100.0
SGE2019 LA Pref Data Lane Cove,0.5,5,100.0,100.0,100.0,100.0
SGE2019 LA Pref Data Lismore,0.0,8,100.0,100.0,100.0,100.0
SGE2019 LA Pref Data Lismore,0.1,7,100.0,100.0,100.0,100.0
SGE2019 LA Pref Data Lismore,0.2,7,100.0,100.0,100.0,100.0
SGE2019 LA Pref Data Lismore,0.3,7,100.0,100.0,100.0,100.0
SGE2019 LA Pref Data Lismore,0.4,7,100.0,100.0,100.0,100.0
SGE2019 LA Pref Data Lismore,0.5,6,100.0,100.0,100.0,100.0
SGE2019 LA Pref Data Liverpool,0.0,7,100.0,100.0,100.0,100.0
SGE2019 LA Pref Data Liverpool,0.1,6,100.0,100.0,100.0,100.0
SGE2019 LA Pref Data Liverpool,0.2,6,100.0,100.0,100.0,100.0
SGE2019 LA Pref Data Liverpool,0.3,6,100.0,100.0,100.0,100.0
SGE2019 LA Pref Data Liverpool,0.4,6,100.0,100.0,100.0,100.0
SGE2019 LA Pref Data Liverpool,0.5,5,100.0,100.0,100.0,100.0
SGE2019 LA Pref Data Londonderry,0.0,6,100.0,100.0,100.0,100.0
SGE2019 LA Pref Data Londonderry,0.1,5,100.0,100.0,100.0,100.0
SGE2019 LA Pref Data Londonderry,0.2,5,100.0,100.0,100.0,100.0
SGE2019 LA Pref Data Londonderry,0.3,5,100.0,100.0,100.0,100.0
SGE2019 LA Pref Data Londonderry,0.4,5,100.0,100.0,100.0,100.0
SGE2019 LA Pref Data Macquarie Fields,0.0,7,100.0,100.0,100.0,100.0
SGE2019 LA Pref Data Macquarie Fields,0.1,6,100.0,100.0,100.0,100.0
SGE2019 LA Pref Data Macquarie Fields,0.2,6,100.0,100.0,100.0,100.0
SGE2019 LA Pref Data Macquarie Fields,0.3,6,100.0,100.0,100.0,100.0
SGE2019 LA Pref Data Macquarie Fields,0.4,6,100.0,100.0,100.0,100.0
SGE2019 LA Pref Data Macquarie Fields,0.5,5,100.0,100.0,100.0,100.0
SGE2019 LA Pref Data Manly,0.0,7,100.0,100.0,100.0,100.0
SGE2019 LA Pref Data Manly,0.1,6,100.0,100.0,100.0,100.0
SGE2019 LA Pref Data Manly,0.2,6,100.0,100.0,100.0,100.0
SGE2019 LA Pref Data Manly,0.3,6,100.0,100.0,100.0,100.0
SGE2019 LA Pref Data Manly,0.4,6,100.0,100.0,100.0,100.0
SGE2019 LA Pref Data Manly,0.5,5,100.0,100.0,100.0,100.0
SGE2019 LA Pref Data Maroubra,0.0,8,100.0,100.0,100.0,100.0
SGE2019 LA Pref Data Maroubra,0.1,7,100.0,100.0,100.0,100.0
SGE2019 LA Pref Data Maroubra,0.2,7,100.0,100.0,100.0,100.0
SGE2019 LA Pref Data Maroubra,0.3,7,100.0,100.0,100.0,100.0
SGE2019 LA Pref Data Maroubra,0.4,7,100.0,100.0,100.0,100.0
SGE2019 LA Pref Data Maroubra,0.5,6,100.0,100.0,100.0,100.0
SGE2019 LA Pref Data Miranda,0.0,7,100.0,100.0,100.0,100.0
SGE2019 LA Pref Data Miranda,0.1,6,100.0,100.0,100.0,100.0
SGE2019 LA Pref Data Miranda,0.2,6,100.0,100.0,100.0,100.0
SGE2019 LA Pref Data Miranda,0.3,6,100.0,100.0,100.0,100.0
SGE2019 LA Pref Data Miranda,0.4,6,100.0,100.0,100.0,100.0
SGE2019 LA Pref Data Miranda,0.5,5,100.0,100.0,100.0,100.0
SGE2019 LA Pref Data Monaro,0.0,7,100.0,100.0,100.0,100.0
SGE2019 LA Pref Data Monaro,0.1,6,100.0,100.0,100.0,100.0
SGE2019 LA Pref Data Monaro,0.2,6,100.0,100.0,100.0,100.0
SGE2019 LA Pref Data Monaro,0.3,6,100.0,100.0,100.0,100.0
SGE2019 LA Pref Data Monaro,0.4,6,100.0,100.0,100.0,100.0
SGE2019 LA Pref Data Monaro,0.5,5,100.0,100.0,100.0,100.0
SGE2019 LA Pref Data Mount Druitt,0.0,6,100.0,100.0,100.0,100.0
SGE2019 LA Pref Data Mount Druitt,0.1,5,100.0,100.0,100.0,100.0
SGE2019 LA Pref Data Mount Druitt,0.2,5,100.0,100.0,100.0,100.0
SGE2019 LA Pref Data Mount Druitt,0.3,5,100.0,100.0,100.0,100.0
SGE2019 LA Pref Data Mount Druitt,0.4,5,100.0,100.0,100.0,100.0
SGE2019 LA Pref Data Mount Druitt,0.5,4,100.0,100.0,100.0,100.0
SGE2019 LA Pref Data Mulgoa,0.0,5,100.0,100.0,100.0,100.0
SGE2019 LA Pref Data Mulgoa,0.1,4,100.0,100.0,100.0,100.0
SGE2019 LA Pref Data Mulgoa,0.2,4,100.0,100.0,100.0,100.0
SGE2019 LA Pref Data Mulgoa,0.3,4,100.0,100.0,100.0,100.0
SGE2019 LA Pref Data Mulgoa,0.4,4,100.0,100.0,100.0,100.0
SGE2019 LA Pref Data Mulgoa,0.5,3,100.0,100.0,100.0,100.0
SGE2019 LA Pref Data Myall Lakes,0.0,7,100.0,100.0,100.0,100.0
SGE2019 LA Pref Data Myall Lakes,0.1,6,100.0,100.0,100.0,100.0
SGE2019 LA Pref Data Myall Lakes,0.2,6,100.0,100.0,100.0,100.0
SGE2019 LA Pref Data Myall Lakes,0.3,6,100.0,100.0,100.0,100.0
SGE2019 LA Pref Data Myall Lakes,0.4,6,100.0,100.0,100.0,100.0
SGE2019 LA Pref Data Myall Lakes,0.5,5,100.0,100.0,100.0,100.0
SGE2019 LA Pref Data Newtown,0.0,8,100.0,100.0,100.0,100.0
SGE2019 LA Pref Data Newtown,0.1,7,100.0,100.0,100.0,100.0
SGE2019 LA Pref Data Newtown,0.2,7,100.0,100.0,100.0,100.0
SGE2019 LA Pref Data Newtown,0.3,7,100.0,100.0,100.0,100.0
SGE2019 LA Pref Data Newtown,0.4,7,100.0,100.0,100.0,100.0
SGE2019 LA Pref Data Newtown,0.5,6,100.0,100.0,100.0,100.0
SGE2019 LA Pref Data Northern Tablelands,0.0,5,100.0,100.0,100.0,100.0
SGE2019 LA Pref Data Northern Tablelands,0.1,4,100.0,100.0,100.0,100.0
SGE2019 LA Pref Data Northern Tablelands,0.2,4,100.0,100.0,100.0,100.0
SGE2019 LA Pref Data Northern Tablelands,0.3,4,100.0,100.0,100.0,100.0
SGE2019 LA Pref Data Northern Tablelands,0.4,4,100.0,100.0,100.0,100.0
SGE2019 LA Pref Data Northern Tablelands,0.5,3,100.0,100.0,100.0,100.0
SGE2019 LA Pref Data Oatley,0.0,6,100.0,100.0,100.0,100.0
SGE2019 LA Pref Data Oatley,0.1,5,100.0,100.0,100.0,100.0
SGE2019 LA Pref Data Oatley,0.2,5,100.0,100.0,100.0,100.0
SGE2019 LA Pref Data Oatley,0.3,5,100.0,100.0,100.0,100.0
SGE2019 LA Pref Data Oatley,0.4,5,100.0,100.0,100.0,100.0
SGE2019 LA Pref Data Oatley,0.5,4,100.0,100.0,100.0,100.0
SGE2019 LA Pref Data Oxley,0.0,6,100.0,100.0,100.0,100.0
SGE2019 LA Pref Data Oxley,0.1,5,100.0,100.0,100.0,100.0
SGE2019 LA Pref Data Oxley,0.2,5,100.0,100.0,100.0,100.0
SGE2019 LA Pref Data Oxley,0.3,5,100.0,100.0,100.0,100.0
SGE2019 LA Pref Data Oxley,0.4,5,100.0,100.0,100.0,100.0
SGE2019 LA Pref Data Oxley,0.5,4,100.0,100.0,100.0,100.0
SGE2019 LA Pref Data Parramatta,0.0,8,100.0,100.0,100.0,100.0
SGE2019 LA Pref Data Parramatta,0.1,7,100.0,100.0,100.0,100.0
SGE2019 LA Pref Data Parramatta,0.2,7,100.0,100.0,100.0,100.0
SGE2019 LA Pref Data Parramatta,0.3,7,100.0,100.0,100.0,100.0
SGE2019 LA Pref Data Parramatta,0.4,7,100.0,100.0,100.0,100.0
SGE2019 LA Pref Data Parramatta,0.5,6,100.0,100.0,100.0,100.0
SGE2019 LA Pref Data Port Macquarie,0.0,5,100.0,100.0,100.0,100.0
SGE2019 LA Pref Data Port Macquarie,0.1,4,100.0,100.0,100.0,100.0
SGE2019 LA Pref Data Port Macquarie,0.2,4,100.0,100.0,100.0,100.0
SGE2019 LA Pref Data Port Macquarie,0.3,4,100.0,100.0,100.0,100.0
SGE2019 LA Pref Data Port Macquarie,0.4,4,100.0,100.0,100.0,100.0
SGE2019 LA Pref Data Port Macquarie,0.5,3,100.0,100.0,100.0,100.0
SGE2019 LA Pref Data Port Stephens,0.0,7,100.0,100.0,100.0,100.0
SGE2019 LA Pref Data Port Stephens,0.1,6,100.0,100.0,100.0,100.0
SGE2019 LA Pref Data Port Stephens,0.2,6,100.0,100.0,100.0,100.0
SGE2019 LA Pref Data Port Stephens,0.3,6,100.0,100.0,100.0,100.0
SGE2019 LA Pref Data Port Stephens,0.4,6,100.0,100.0,100.0,100.0
SGE2019 LA Pref Data Prospect,0.0,6,100.0,100.0,100.0,100.0
SGE2019 LA Pref Data Prospect,0.1,5,100.0,100.0,100.0,100.0
SGE2019 LA Pref Data Prospect,0.2,5,100.0,100.0,100.0,100.0
SGE2019 LA Pref Data Prospect,0.3,5,100.0,100.0,100.0,100.0
SGE2019 LA Pref Data Prospect,0.4,5,100.0,100.0,100.0,100.0
SGE2019 LA Pref Data Prospect,0.5,4,100.0,100.0,100.0,100.0
SGE2019 LA Pref Data Riverstone,0.0,4,100.0,100.0,100.0,100.0
SGE2019 LA Pref Data Riverstone,0.1,3,100.0,100.0,100.0,100.0
SGE2019 LA Pref Data Riverstone,0.2,3,100.0,100.0,100.0,100.0
SGE2019 LA Pref Data Riverstone,0.3,3,100.0,100.0,100.0,100.0
SGE2019 LA Pref Data Riverstone,0.4,3,100.0,100.0,100.0,100.0
SGE2019 LA Pref Data Rockdale,0.0,7,100.0,100.0,100.0,100.0
SGE2019 LA Pref Data Rockdale,0.1,6,100.0,100.0,100.0,100.0
SGE2019 LA Pref Data Rockdale,0.2,6,100.0,100.0,100.0,100.0
SGE2019 LA Pref Data Rockdale,0.3,6,100.0,100.0,100.0,100.0
SGE2019 LA Pref Data Rockdale,0.4,6,100.0,100.0,100.0,100.0
SGE2019 LA Pref Data Rockdale,0.5,5,100.0,100.0,100.0,100.0
SGE2019 LA Pref Data Seven Hills,0.0,7,100.0,100.0,100.0,100.0
SGE2019 LA Pref Data Seven Hills,0.1,6,100.0,100.0,100.0,100.0
SGE2019 LA Pref Data Seven Hills,0.2,6,100.0,100.0,100.0,100.0
SGE2019 LA Pref Data Seven Hills,0.3,6,100.0,100.0,100.0,100.0
SGE2019 LA Pref Data Seven Hills,0.4,6,100.0,100.0,100.0,100.0
SGE2019 LA Pref Data Shellharbour,0.0,5,100.0,100.0,100.0,100.0
SGE2019 LA Pref Data Shellharbour,0.1,4,100.0,100.0,100.0,100.0
SGE2019 LA Pref Data Shellharbour,0.2,4,100.0,100.0,100.0,100.0
SGE2019 LA Pref Data Shellharbour,0.3,4,100.0,100.0,100.0,100.0
SGE2019 LA Pref Data Shellharbour,0.4,4,100.0,100.0,100.0,100.0
SGE2019 LA Pref Data Shellharbour,0.5,3,100.0,100.0,100.0,100.0
SGE2019 LA Pref Data South Coast,0.0,4,100.0,100.0,100.0,100.0
SGE2019 LA Pref Data South Coast,0.1,3,100.0,100.0,100.0,100.0
SGE2019 LA Pref Data South Coast,0.2,3,100.0,100.0,100.0,100.0
SGE2019 LA Pref Data South Coast,0.3,3,100.0,100.0,100.0,100.0
SGE2019 LA Pref Data South Coast,0.4,3,100.0,100.0,100.0,100.0
SGE2019 LA Pref Data South Coast,0.5,2,100.0,100.0,100.0,100.0
SGE2019 LA Pref Data Strathfield,0.0,7,100.0,100.0,100.0,100.0
SGE2019 LA Pref Data Strathfield,0.1,6,100.0,100.0,100.0,100.0
SGE2019 LA Pref Data Strathfield,0.2,6,100.0,100.0,100.0,100.0
SGE2019 LA Pref Data Strathfield,0.3,6,100.0,100.0,100.0,100.0
SGE2019 LA Pref Data Strathfield,0.4,6,100.0,100.0,100.0,100.0
SGE2019 LA Pref Data Strathfield,0.5,5,100.0,100.0,100.0,100.0
SGE2019 LA Pref Data Summer Hill,0.0,7,100.0,100.0,100.0,100.0
SGE2019 LA Pref Data Summer Hill,0.1,6,100.0,100.0,100.0,100.0
SGE2019 LA Pref Data Summer Hill,0.2,6,100.0,100.0,100.0,100.0
SGE2019 LA Pref Data Summer Hill,0.3,6,100.0,100.0,100.0,100.0
SGE2019 LA Pref Data Summer Hill,0.4,6,100.0,100.0,100.0,100.0
SGE2019 LA Pref Data Summer Hill,0.5,5,100.0,100.0,100.0,100.0
SGE2019 LA Pref Data Swansea,0.0,6,100.0,100.0,100.0,100.0
SGE2019 LA Pref Data Swansea,0.1,5,100.0,100.0,100.0,100.0
SGE2019 LA Pref Data Swansea,0.2,5,100.0,100.0,100.0,100.0
SGE2019 LA Pref Data Swansea,0.3,5,100.0,100.0,100.0,100.0
SGE2019 LA Pref Data Swansea,0.4,5,100.0,100.0,100.0,100.0
SGE2019 LA Pref Data Swansea,0.5,4,100.0,100.0,100.0,100.0
SGE2019 LA Pref Data Sydney,0.0,7,100.0,100.0,100.0,100.0
SGE2019 LA Pref Data Sydney,0.1,6,100.0,100.0,100.0,100.0
SGE2019 LA Pref Data Sydney,0.2,6,100.0,100.0,100.0,100.0
SGE2019 LA Pref Data Sydney,0.3,6,100.0,100.0,100.0,100.0
SGE2019 LA Pref Data Sydney,0.4,6,100.0,100.0,100.0,100.0
SGE2019 LA Pref Data Sydney,0.5,5,100.0,100.0,100.0,100.0
SGE2019 LA Pref Data Tamworth,0.0,7,100.0,100.0,100.0,100.0
SGE2019 LA Pref Data Tamworth,0.1,6,100.0,100.0,100.0,100.0
SGE2019 LA Pref Data Tamworth,0.2,6,100.0,100.0,100.0,100.0
SGE2019 LA Pref Data Tamworth,0.3,6,100.0,100.0,100.0,100.0
SGE2019 LA Pref Data Tamworth,0.4,6,100.0,100.0,100.0,100.0
SGE2019 LA Pref Data Tamworth,0.5,5,100.0,100.0,100.0,100.0
SGE2019 LA Pref Data Terrigal,0.0,8,100.0,100.0,100.0,100.0
SGE2019 LA Pref Data Terrigal,0.1,7,100.0,100.0,100.0,100.0
SGE2019 LA Pref Data Terrigal,0.2,7,100.0,100.0,100.0,100.0
SGE2019 LA Pref Data Terrigal,0.3,7,100.0,100.0,100.0,100.0
SGE2019 LA Pref Data Terrigal,0.4,7,100.0,100.0,100.0,100.0
SGE2019 LA Pref Data Terrigal,0.5,6,100.0,100.0,100.0,100.0
SGE2019 LA Pref Data The Entrance,0.0,8,100.0,100.0,100.0,100.0
SGE2019 LA Pref Data The Entrance,0.1,7,100.0,100.0,100.0,100.0
SGE2019 LA Pref Data The Entrance,0.2,7,100.0,100.0,100.0,100.0
SGE2019 LA Pref Data The Entrance,0.3,7,100.0,100.0,100.0,100.0
SGE2019 LA Pref Data The Entrance,0.4,7,100.0,100.0,100.0,100.0
SGE2019 LA Pref Data The Entrance,0.5,6,100.0,100.0,100.0,100.0
SGE2019 LA Pref Data Tweed,0.0,6,100.0,100.0,100.0,100.0
SGE2019 LA Pref Data Tweed,0.1,5,100.0,100.0,100.0,100.0
SGE2019 LA Pref Data Tweed,0.2,5,100.0,100.0,100.0,100.0
SGE2019 LA Pref Data Tweed,0.3,5,100.0,100.0,100.0,100.0
SGE2019 LA Pref Data Vaucluse,0.0,8,100.0,100.0,100.0,100.0
SGE2019 LA Pref Data Vaucluse,0.1,7,100.0,100.0,100.0,100.0
SGE2019 LA Pref Data Vaucluse,0.2,7,100.0,100.0,100.0,100.0
SGE2019 LA Pref Data Vaucluse,0.3,7,100.0,100.0,100.0,100.0
SGE2019 LA Pref Data Vaucluse,0.4,7,100.0,100.0,100.0,100.0
SGE2019 LA Pref Data Vaucluse,0.5,6,100.0,100.0,100.0,100.0
SGE2019 LA Pref Data Wagga Wagga,0.0,8,100.0,100.0,100.0,100.0
SGE2019 LA Pref Data Wagga Wagga,0.1,7,100.0,100.0,100.0,100.0
SGE2019 LA Pref Data Wagga Wagga,0.2,7,100.0,100.0,100.0,100.0
SGE2019 LA Pref Data Wagga Wagga,0.3,7,100.0,100.0,100.0,100.0
SGE2019 LA Pref Data Wagga Wagga,0.4,7,100.0,100.0,100.0,100.0
SGE2019 LA Pref Data Wagga Wagga,0.5,6,100.0,100.0,100.0,100.0
SGE2019 LA Pref Data Wakehurst,0.0,8,100.0,100.0,100.0,100.0
SGE2019 LA Pref Data Wakehurst,0.1,7,100.0,100.0,100.0,100.0
SGE2019 LA Pref Data Wakehurst,0.2,7,100.0,100.0,100.0,100.0
SGE2019 LA Pref Data Wakehurst,0.3,7,100.0,100.0,100.0,100.0
SGE2019 LA Pref Data Wakehurst,0.4,7,100.0,100.0,100.0,100.0
SGE2019 LA Pref Data Wakehurst,0.5,6,100.0,100.0,100.0,100.0
SGE2019 LA Pref Data Wallsend,0.0,6,100.0,100.0,100.0,100.0
SGE2019 LA Pref Data Wallsend,0.1,5,100.0,100.0,100.0,100.0
SGE2019 LA Pref Data Wallsend,0.2,5,100.0,100.0,100.0,100.0
SGE2019 LA Pref Data Wallsend,0.3,5,100.0,100.0,100.0,100.0
SGE2019 LA Pref Data Wallsend,0.4,5,100.0,100.0,100.0,100.0
SGE2019 LA Pref Data Wallsend,0.5,4,100.0,100.0,100.0,100.0
SGE2019 LA Pref Data Wollongong,0.0,8,100.0,100.0,100.0,100.0
SGE2019 LA Pref Data Wollongong,0.1,7,100.0,100.0,100.0,100.0
SGE2019 LA Pref Data Wollongong,0.2,7,100.0,100.0,100.0,100.0
SGE2019 LA Pref Data Wollongong,0.3,7,100.0,100.0,100.0,100.0
SGE2019 LA Pref Data Wollongong,0.4,7,100.0,100.0,100.0,100.0
SGE2019 LA Pref Data Wollongong,0.5,6,100.0,100.0,100.0,100.0
SGE2019 LA Pref Data Wyong,0.0,5,100.0,100.0,100.0,100.0
SGE2019 LA Pref Data Wyong,0.1,4,100.0,100.0,100.0,100.0
SGE2019 LA Pref Data Wyong,0.2,4,100.0,100.0,100.0,100.0
SGE2019 LA Pref Data Wyong,0.3,4,100.0,100.0,100.0,100.0
SGE2019 LA Pref Data Wyong,0.4,4,100.0,100.0,100.0,100.0
SGE2019 LA Pref Data Wyong,0.5,3,100.0,100.0,100.0,100.0
Singleton-mayoral-finalpreferencedatafile,0.0,5,100.0,100.0,100.0,100.0
Singleton-mayoral-finalpreferencedatafile,0.1,4,100.0,100.0,100.0,100.0
Singleton-mayoral-finalpreferencedatafile,0.2,4,100.0,100.0,100.0,100.0
Singleton-mayoral-finalpreferencedatafile,0.3,4,100.0,100.0,100.0,100.0
Singleton-mayoral-finalpreferencedatafile,0.4,4,100.0,100.0,100.0,100.0
The_Hills_Shire-mayoral-finalpreferencedatafile,0.0,6,100.0,100.0,100.0,100.0
The_Hills_Shire-mayoral-finalpreferencedatafile,0.1,5,100.0,100.0,100.0,100.0
The_Hills_Shire-mayoral-finalpreferencedatafile,0.2,5,100.0,100.0,100.0,100.0
The_Hills_Shire-mayoral-finalpreferencedatafile,0.3,5,100.0,100.0,100.0,100.0
The_Hills_Shire-mayoral-finalpreferencedatafile,0.4,5,100.0,100.0,100.0,100.0
The_Hills_Shire-mayoral-finalpreferencedatafile,0.5,4,100.0,100.0,100.0,100.0
Uralla-mayoral-finalpreferencedatafile,0.0,4,100.0,100.0,100.0,100.0
Uralla-mayoral-finalpreferencedatafile,0.1,3,100.0,100.0,100.0,100.0
Uralla-mayoral-finalpreferencedatafile,0.2,3,100.0,100.0,100.0,100.0
Uralla-mayoral-finalpreferencedatafile,0.3,3,100.0,100.0,100.0,100.0
Uralla-mayoral-finalpreferencedatafile,0.4,3,100.0,100.0,100.0,100.0
Uralla-mayoral-finalpreferencedatafile,0.5,2,100.0,100.0,100.0,100.0
Wollondilly-mayoral-finalpreferencedatafile,0.0,7,100.0,100.0,100.0,100.0
Wollondilly-mayoral-finalpreferencedatafile,0.1,6,100.0,100.0,100.0,100.0
Wollondilly-mayoral-finalpreferencedatafile,0.2,6,100.0,100.0,100.0,100.0
Wollondilly-mayoral-finalpreferencedatafile,0.3,6,100.0,100.0,100.0,100.0
