file,threshold,winner,rounds,plurality_match,IRV_match,top-two_match,borda-pm_match,borda-om_match,borda-avg_match,top-3-truncation_match,condorcet_match,minimax_match,smith_plurality_match,smith_irv_match,smith-minimax_match,ranked-pairs_match,bucklin_match,approval_match,smith_match,plurality_match,IRV_match,top-two_match,borda-pm_match,borda-om_match,borda-avg_match,top-3-truncation_match,condorcet_match,minimax_match,smith_plurality_match,smith_irv_match,smith-minimax_match,ranked-pairs_match,bucklin_match,approval_match,smith_match
Ward2-Leven_west dunbartonshire2022ward 2.csv,OM,Michelle Marie MCGINTY (Lab),,no_match,no_match,no_match,no_match,no_match,no_match,no_match,no_winner,no_match,no_match,no_match,no_match,no_match,no_match,no_match,match,no_match,no_match,no_match,no_match,no_match,no_match,no_match,no_winner,no_match,no_match,no_match,no_match,no_match,no_match,no_match,match
Ward2-Leven_west dunbartonshire2022ward 2.csv,PM,John Kelly MILLAR (Lab),,no_match,match,match,match,no_match,no_match,no_match,no_winner,match,no_match,match,match,match,match,match,match,no_match,match,match,match,no_match,no_match,no_match,no_winner,match,no_match,match,match,match,match,match,match
Ward2-Leven_west dunbartonshire2022ward 2.csv,AVG,John Kelly MILLAR (Lab),,no_match,match,match,match,no_match,no_match,no_match,no_winner,match,no_match,match,match,match,match,match,match,no_match,match,match,match,no_match,no_match,no_match,no_winner,match,no_match,match,match,match,match,match,match
govan_govan.csv,OM,# ALTERNATIVE NAME 3: Stephen Dornan (Lab),,no_match,no_match,no_match,no_match,match,no_match,no_match,no_winner,match,no_match,no_match,match,match,no_match,no_match,match,no_match,no_match,no_match,no_match,match,no_match,no_match,no_winner,match,no_match,no_match,match,match,no_match,no_match,match
govan_govan.csv,PM,# ALTERNATIVE NAME 6: Allison Hunter (SNP),,match,match,no_match,match,no_match,match,match,no_winner,no_match,match,match,no_match,no_match,no_match,no_match,match,match,match,no_match,match,no_match,match,match,no_winner,no_match,match,match,no_match,no_match,no_match,no_match,match
govan_govan.csv,AVG,# ALTERNATIVE NAME 6: Allison Hunter (SNP),,match,match,no_match,match,no_match,match,match,no_winner,no_match,match,match,no_match,no_match,no_match,no_match,match,match,match,no_match,match,no_match,match,match,no_winner,no_match,match,match,no_match,no_match,no_match,no_match,match
GlenrothesCentralAndThorntonWard_fife12-16.csv,OM,Ian CRICHTON (Lab),,no_match,no_match,no_match,no_match,no_match,no_match,no_match,no_winner,match,no_match,no_match,match,match,no_match,no_match,match,no_match,no_match,no_match,no_match,no_match,no_match,no_match,no_winner,match,no_match,no_match,match,match,no_match,no_match,match
GlenrothesCentralAndThorntonWard_fife12-16.csv,PM,Ross VETTRAINO (SNP),,match,match,match,no_match,match,match,match,no_winner,no_match,match,match,no_match,no_match,no_match,no_match,match,match,match,match,no_match,match,match,match,no_winner,no_match,match,match,no_match,no_match,no_match,no_match,match
GlenrothesCentralAndThorntonWard_fife12-16.csv,AVG,Ian CRICHTON (Lab),,no_match,no_match,no_match,no_match,no_match,no_match,no_match,no_winner,match,no_match,no_match,match,match,no_match,no_match,match,no_match,no_match,no_match,no_match,no_match,no_match,no_match,no_winner,match,no_match,no_match,match,match,no_match,no_match,match
7.JohnstoneSouthElderslie&HowwoodWard_renfs12-07.csv,OM,John CALDWELL (Lab),,no_match,no_match,no_match,match,match,match,match,no_winner,match,no_match,no_match,match,match,match,match,match,no_match,no_match,no_match,match,match,match,match,no_winner,match,no_match,no_match,match,match,match,match,match
7.JohnstoneSouthElderslie&HowwoodWard_renfs12-07.csv,PM,Iain MCMILLAN (Lab),,match,match,match,no_match,no_match,no_match,no_match,no_winner,no_match,match,match,no_match,no_match,no_match,no_match,match,match,match,match,no_match,no_match,no_match,no_match,no_winner,no_match,match,match,no_match,no_match,no_match,no_match,match
7.JohnstoneSouthElderslie&HowwoodWard_renfs12-07.csv,AVG,John CALDWELL (Lab),,no_match,no_match,no_match,match,match,match,match,no_winner,match,no_match,no_match,match,match,match,match,match,no_match,no_match,no_match,match,match,match,match,no_winner,match,no_match,no_match,match,match,match,match,match
Ward3-DeeandGlenkens_ward3.csv,OM,John DENERLEY (Con),,no_match,match,match,no_match,no_match,no_match,no_match,no_winner,no_match,no_match,no_match,no_match,no_match,no_match,no_match,match,no_match,match,match,no_match,no_match,no_match,no_match,no_winner,no_match,no_match,no_match,no_match,no_match,no_match,no_match,match
Ward3-DeeandGlenkens_ward3.csv,PM,Susan MURDOCH (Con),,no_match,no_match,no_match,no_match,no_match,no_match,no_match,no_winner,match,no_match,no_match,match,match,no_match,no_match,match,no_match,no_match,no_match,no_match,no_match,no_match,no_match,no_winner,match,no_match,no_match,match,match,no_match,no_match,match
Ward3-DeeandGlenkens_ward3.csv,AVG,Susan MURDOCH (Con),,no_match,no_match,no_match,no_match,no_match,no_match,no_match,no_winner,match,no_match,no_match,match,match,no_match,no_match,match,no_match,no_match,no_match,no_match,no_match,no_match,no_match,no_winner,match,no_match,no_match,match,match,no_match,no_match,match
Ward2-KintyreandtheIslands_ward2.csv,OM,Dougie MCFADZEAN (SNP),,match,no_match,no_match,no_match,no_match,no_match,match,no_winner,match,match,no_match,match,match,no_match,no_match,match,match,no_match,no_match,no_match,no_match,no_match,match,no_winner,match,match,no_match,match,match,no_match,no_match,match
Ward2-KintyreandtheIslands_ward2.csv,PM,Robin CURRIE (LD),,no_match,no_match,no_match,no_match,match,match,no_match,no_winner,no_match,no_match,no_match,no_match,no_match,match,match,match,no_match,no_match,no_match,no_match,match,match,no_match,no_winner,no_match,no_match,no_match,no_match,no_match,match,match,match
Ward2-KintyreandtheIslands_ward2.csv,AVG,Dougie MCFADZEAN (SNP),,match,no_match,no_match,no_match,no_match,no_match,match,no_winner,match,match,no_match,match,match,no_match,no_match,match,match,no_match,no_match,no_match,no_match,no_match,match,no_winner,match,match,no_match,match,match,no_match,no_match,match
Minneapolis_11022021_CityCouncilWard2.csv,OM,Cam Gordon,,no_match,no_match,no_match,no_match,no_match,no_match,no_match,no_winner,no_match,no_match,no_match,no_match,no_match,no_match,no_match,match,no_match,no_match,no_match,no_match,no_match,no_match,no_match,no_winner,no_match,no_match,no_match,no_match,no_match,no_match,no_match,match
Minneapolis_11022021_CityCouncilWard2.csv,PM,Yusra Arab,,no_match,no_match,no_match,match,match,match,match,no_winner,match,match,no_match,match,match,match,match,match,no_match,no_match,no_match,match,match,match,match,no_winner,match,match,no_match,match,match,match,match,match
Minneapolis_11022021_CityCouncilWard2.csv,AVG,Robin Wonsley Worlobah,,match,match,match,no_match,no_match,no_match,no_match,no_winner,no_match,no_match,match,no_match,no_match,no_match,no_match,match,match,match,match,no_match,no_match,no_match,no_match,no_winner,no_match,no_match,match,no_match,no_match,no_match,no_match,match
Ward4-CumbernauldEast_n-lanarks17-004.csv,OM,Tom JOHNSTON (SNP),,match,match,match,no_match,no_match,no_match,no_match,no_winner,match,no_match,match,match,match,no_match,no_match,match,match,match,match,no_match,no_match,no_match,no_match,no_winner,match,no_match,match,match,match,no_match,no_match,match
Ward4-CumbernauldEast_n-lanarks17-004.csv,PM,Tom JOHNSTON (SNP),,match,match,match,no_match,no_match,no_match,no_match,no_winner,match,no_match,match,match,match,no_match,no_match,match,match,match,match,no_match,no_match,no_match,no_match,no_winner,match,no_match,match,match,match,no_match,no_match,match
Ward4-CumbernauldEast_n-lanarks17-004.csv,AVG,Tom JOHNSTON (SNP),,match,match,match,no_match,no_match,no_match,no_match,no_winner,match,no_match,match,match,match,no_match,no_match,match,match,match,match,no_match,no_match,no_match,no_match,no_winner,match,no_match,match,match,match,no_match,no_match,match
Ward21NorthEast_glasgow17-021.csv,OM,Ruairi KELLY (SNP),,no_match,no_match,no_match,no_match,match,no_match,no_match,no_winner,match,no_match,no_match,match,match,no_match,match,match,no_match,no_match,no_match,no_match,match,no_match,no_match,no_winner,match,no_match,no_match,match,match,no_match,match,match
Ward21NorthEast_glasgow17-021.csv,PM,TIED,,no_match,no_match,no_match,no_match,no_match,no_match,no_match,no_winner,no_match,no_match,no_match,no_match,no_match,no_match,no_match,no_match,no_match,no_match,no_match,no_match,no_match,no_match,no_match,no_winner,no_match,no_match,no_match,no_match,no_match,no_match,no_match,no_match
Ward21NorthEast_glasgow17-021.csv,AVG,TIED,,no_match,no_match,no_match,no_match,no_match,no_match,no_match,no_winner,no_match,no_match,no_match,no_match,no_match,no_match,no_match,no_match,no_match,no_match,no_match,no_match,no_match,no_match,no_match,no_winner,no_match,no_match,no_match,no_match,no_match,no_match,no_match,no_match
preferenceprofile_v0001_ward-10-west-garioch_06052022_172124.csv,OM,Hazel Linda SMITH (LD),,no_match,no_match,no_match,match,no_match,match,no_match,no_winner,no_match,no_match,no_match,no_match,no_match,match,match,match,no_match,no_match,no_match,match,no_match,match,no_match,no_winner,no_match,no_match,no_match,no_match,no_match,match,match,match
preferenceprofile_v0001_ward-10-west-garioch_06052022_172124.csv,PM,Sam PAYNE (Con),,no_match,match,match,no_match,no_match,no_match,no_match,no_winner,no_match,no_match,match,no_match,no_match,no_match,no_match,match,no_match,match,match,no_match,no_match,no_match,no_match,no_winner,no_match,no_match,match,no_match,no_match,no_match,no_match,match
preferenceprofile_v0001_ward-10-west-garioch_06052022_172124.csv,AVG,Moray Charles GRANT (SNP),,match,no_match,no_match,no_match,match,no_match,match,no_winner,match,match,no_match,match,match,no_match,no_match,match,match,no_match,no_match,no_match,match,no_match,match,no_winner,match,match,no_match,match,match,no_match,no_match,match
Oakland_11082022_Schoolboarddistrict4.csv,OM,PECOLIA MANIGO,,no_match,no_match,no_match,no_match,no_match,no_match,no_match,no_winner,no_match,no_match,no_match,no_match,no_match,no_match,no_match,match,no_match,no_match,no_match,no_match,no_match,no_match,no_match,no_winner,no_match,no_match,no_match,no_match,no_match,no_match,no_match,match
Oakland_11082022_Schoolboarddistrict4.csv,PM,MIKE HUTCHINSON,,no_match,match,no_match,no_match,match,match,match,no_winner,match,no_match,match,match,match,match,match,match,no_match,match,no_match,no_match,match,match,match,no_winner,match,no_match,match,match,match,match,match,match
Oakland_11082022_Schoolboarddistrict4.csv,AVG,MIKE HUTCHINSON,,no_match,match,no_match,no_match,match,match,match,no_winner,match,no_match,match,match,match,match,match,match,no_match,match,no_match,no_match,match,match,match,no_winner,match,no_match,match,match,match,match,match,match
AnnandaleNorthWard_dumgal12-12.csv,OM,(Con) Peter DIGGLE,,no_match,no_match,no_match,no_match,no_match,no_match,no_match,no_winner,no_match,match,no_match,no_match,no_match,no_match,no_match,match,no_match,no_match,no_match,no_match,no_match,no_match,no_match,no_winner,no_match,match,no_match,no_match,no_match,no_match,no_match,match
AnnandaleNorthWard_dumgal12-12.csv,PM,(Con) Roger GRANT,,no_match,no_match,no_match,no_match,match,no_match,match,no_winner,match,no_match,no_match,match,match,no_match,no_match,match,no_match,no_match,no_match,no_match,match,no_match,match,no_winner,match,no_match,no_match,match,match,no_match,no_match,match
AnnandaleNorthWard_dumgal12-12.csv,AVG,(Con) Peter DIGGLE,,no_match,no_match,no_match,no_match,no_match,no_match,no_match,no_winner,no_match,match,no_match,no_match,no_match,no_match,no_match,match,no_match,no_match,no_match,no_match,no_match,no_match,no_match,no_winner,no_match,match,no_match,no_match,no_match,no_match,no_match,match
Ward3-ForfarandDistrict_ward3.csv,OM,Linda CLARK (SNP),,match,no_match,match,no_match,match,no_match,match,no_winner,match,no_match,no_match,match,match,no_match,no_match,match,match,no_match,match,no_match,match,no_match,match,no_winner,match,no_match,no_match,match,match,no_match,no_match,match
Ward3-ForfarandDistrict_ward3.csv,PM,Ian MCLAREN (Ind),,no_match,match,no_match,match,no_match,match,no_match,no_winner,no_match,match,match,no_match,no_match,match,match,match,no_match,match,no_match,match,no_match,match,no_match,no_winner,no_match,match,match,no_match,no_match,match,match,match
Ward3-ForfarandDistrict_ward3.csv,AVG,Ian MCLAREN (Ind),,no_match,match,no_match,match,no_match,match,no_match,no_winner,no_match,match,match,no_match,no_match,match,match,match,no_match,match,no_match,match,no_match,match,no_match,no_winner,no_match,match,match,no_match,no_match,match,match,match
Ward03-Kilwinning_n-ayrshire12-03.csv,OM,Joe CULLINANE (Lab),,no_match,no_match,match,no_match,no_match,no_match,no_match,no_winner,match,no_match,match,match,match,match,match,match,no_match,no_match,match,no_match,no_match,no_match,no_match,no_winner,match,no_match,match,match,match,match,match,match
Ward03-Kilwinning_n-ayrshire12-03.csv,PM,TIED,,no_match,no_match,no_match,no_match,no_match,no_match,no_match,no_winner,no_match,no_match,no_match,no_match,no_match,no_match,no_match,no_match,no_match,no_match,no_match,no_match,no_match,no_match,no_match,no_winner,no_match,no_match,no_match,no_match,no_match,no_match,no_match,no_match
Ward03-Kilwinning_n-ayrshire12-03.csv,AVG,TIED,,no_match,no_match,no_match,no_match,no_match,no_match,no_match,no_winner,no_match,no_match,no_match,no_match,no_match,no_match,no_match,no_match,no_match,no_match,no_match,no_match,no_match,no_match,no_match,no_winner,no_match,no_match,no_match,no_match,no_match,no_match,no_match,no_match
JedburghandDistrictWard_sc-borders12-09.csv,OM,Sandy SCOTT (Con),,no_match,no_match,no_match,no_match,no_match,no_match,no_match,no_winner,no_match,no_match,no_match,no_match,no_match,no_match,no_match,match,no_match,no_match,no_match,no_match,no_match,no_match,no_match,no_winner,no_match,no_match,no_match,no_match,no_match,no_match,no_match,match
JedburghandDistrictWard_sc-borders12-09.csv,PM,Len WYSE (Con),,no_match,no_match,no_match,match,no_match,no_match,no_match,no_winner,no_match,no_match,no_match,no_match,no_match,match,match,match,no_match,no_match,no_match,match,no_match,no_match,no_match,no_winner,no_match,no_match,no_match,no_match,no_match,match,match,match
JedburghandDistrictWard_sc-borders12-09.csv,AVG,Len WYSE (Con),,no_match,no_match,no_match,match,no_match,no_match,no_match,no_winner,no_match,no_match,no_match,no_match,no_match,match,match,match,no_match,no_match,no_match,match,no_match,no_match,no_match,no_winner,no_match,no_match,no_match,no_match,no_match,match,match,match
ForfarandDistrict_angus12-03.csv,OM,(SNP) Lynne DEVINE,,match,match,match,no_match,no_match,no_match,no_match,no_winner,match,no_match,match,match,match,no_match,no_match,match,match,match,match,no_match,no_match,no_match,no_match,no_winner,match,no_match,match,match,match,no_match,no_match,match
ForfarandDistrict_angus12-03.csv,PM,(SNP) Glennis MIDDLETON,,no_match,no_match,no_match,match,no_match,no_match,match,no_winner,no_match,no_match,no_match,no_match,no_match,no_match,no_match,match,no_match,no_match,no_match,match,no_match,no_match,match,no_winner,no_match,no_match,no_match,no_match,no_match,no_match,no_match,match
ForfarandDistrict_angus12-03.csv,AVG,(SNP) Lynne DEVINE,,match,match,match,no_match,no_match,no_match,no_match,no_winner,match,no_match,match,match,match,no_match,no_match,match,match,match,match,no_match,no_match,no_match,no_match,no_winner,match,no_match,match,match,match,no_match,no_match,match
