file,candidate_cloned,percent,numCands,ff
Ward2-Leven_west dunbartonshire2022ward 2.csv,none,0,8,['John Kelly MILLAR (Lab)']
Ward2-Leven_west dunbartonshire2022ward 2.csv,frozenset({'Ronnie MCCOLL (SNP)'}),0.0,9,['John Kelly MILLAR (Lab)']
Ward2-Leven_west dunbartonshire2022ward 2.csv,frozenset({'Sian WILKIE (Ind)'}),0.0,9,['John Kelly MILLAR (Lab)']
Ward2-Leven_west dunbartonshire2022ward 2.csv,frozenset({'Michelle Marie MCGINTY (Lab)'}),0.0,9,['John Kelly MILLAR (Lab)']
Ward2-Leven_west dunbartonshire2022ward 2.csv,frozenset({'Paula BAKER (Grn)'}),0.0,9,['John Kelly MILLAR (Lab)']
Ward2-Leven_west dunbartonshire2022ward 2.csv,frozenset({'Ian DICKSON (SNP)'}),0.0,9,['John Kelly MILLAR (Lab)']
Ward2-Leven_west dunbartonshire2022ward 2.csv,frozenset({'John Kelly MILLAR (Lab)'}),0.0,9,['John Kelly MILLAR (Lab)']
Ward2-Leven_west dunbartonshire2022ward 2.csv,frozenset({'Jim BOLLAN (WDuns)'}),0.0,9,['John Kelly MILLAR (Lab)']
Ward2-Leven_west dunbartonshire2022ward 2.csv,frozenset({'Matthew DILLON (Con)'}),0.0,9,['John Kelly MILLAR (Lab)']
Ward2-Leven_west dunbartonshire2022ward 2.csv,frozenset({'Ronnie MCCOLL (SNP)'}),0.1,9,['John Kelly MILLAR (Lab)']
Ward2-Leven_west dunbartonshire2022ward 2.csv,frozenset({'Sian WILKIE (Ind)'}),0.1,9,['John Kelly MILLAR (Lab)']
Ward2-Leven_west dunbartonshire2022ward 2.csv,frozenset({'Michelle Marie MCGINTY (Lab)'}),0.1,9,['John Kelly MILLAR (Lab)']
Ward2-Leven_west dunbartonshire2022ward 2.csv,frozenset({'Paula BAKER (Grn)'}),0.1,9,['John Kelly MILLAR (Lab)']
Ward2-Leven_west dunbartonshire2022ward 2.csv,frozenset({'Ian DICKSON (SNP)'}),0.1,9,['John Kelly MILLAR (Lab)']
Ward2-Leven_west dunbartonshire2022ward 2.csv,frozenset({'John Kelly MILLAR (Lab)'}),0.1,9,['John Kelly MILLAR (Lab)']
Ward2-Leven_west dunbartonshire2022ward 2.csv,frozenset({'Jim BOLLAN (WDuns)'}),0.1,9,['John Kelly MILLAR (Lab)']
Ward2-Leven_west dunbartonshire2022ward 2.csv,frozenset({'Matthew DILLON (Con)'}),0.1,9,['John Kelly MILLAR (Lab)']
Ward2-Leven_west dunbartonshire2022ward 2.csv,frozenset({'Ronnie MCCOLL (SNP)'}),0.2,9,['John Kelly MILLAR (Lab)']
Ward2-Leven_west dunbartonshire2022ward 2.csv,frozenset({'Sian WILKIE (Ind)'}),0.2,9,['John Kelly MILLAR (Lab)']
Ward2-Leven_west dunbartonshire2022ward 2.csv,frozenset({'Michelle Marie MCGINTY (Lab)'}),0.2,9,['John Kelly MILLAR (Lab)']
Ward2-Leven_west dunbartonshire2022ward 2.csv,frozenset({'Paula BAKER (Grn)'}),0.2,9,['John Kelly MILLAR (Lab)']
Ward2-Leven_west dunbartonshire2022ward 2.csv,frozenset({'Ian DICKSON (SNP)'}),0.2,9,['John Kelly MILLAR (Lab)']
Ward2-Leven_west dunbartonshire2022ward 2.csv,frozenset({'John Kelly MILLAR (Lab)'}),0.2,9,['Ian DICKSON (SNP)']
Ward2-Leven_west dunbartonshire2022ward 2.csv,frozenset({'Jim BOLLAN (WDuns)'}),0.2,9,['John Kelly MILLAR (Lab)']
Ward2-Leven_west dunbartonshire2022ward 2.csv,frozenset({'Matthew DILLON (Con)'}),0.2,9,['John Kelly MILLAR (Lab)']
Ward2-Leven_west dunbartonshire2022ward 2.csv,frozenset({'Ronnie MCCOLL (SNP)'}),0.3,9,['John Kelly MILLAR (Lab)']
Ward2-Leven_west dunbartonshire2022ward 2.csv,frozenset({'Sian WILKIE (Ind)'}),0.3,9,['John Kelly MILLAR (Lab)']
Ward2-Leven_west dunbartonshire2022ward 2.csv,frozenset({'Michelle Marie MCGINTY (Lab)'}),0.3,9,['John Kelly MILLAR (Lab)']
Ward2-Leven_west dunbartonshire2022ward 2.csv,frozenset({'Paula BAKER (Grn)'}),0.3,9,['John Kelly MILLAR (Lab)']
Ward2-Leven_west dunbartonshire2022ward 2.csv,frozenset({'Ian DICKSON (SNP)'}),0.3,9,['John Kelly MILLAR (Lab)']
Ward2-Leven_west dunbartonshire2022ward 2.csv,frozenset({'John Kelly MILLAR (Lab)'}),0.3,9,['Clone']
Ward2-Leven_west dunbartonshire2022ward 2.csv,frozenset({'Jim BOLLAN (WDuns)'}),0.3,9,['John Kelly MILLAR (Lab)']
Ward2-Leven_west dunbartonshire2022ward 2.csv,frozenset({'Matthew DILLON (Con)'}),0.3,9,['John Kelly MILLAR (Lab)']
Ward2-Leven_west dunbartonshire2022ward 2.csv,frozenset({'Ronnie MCCOLL (SNP)'}),0.4,9,['John Kelly MILLAR (Lab)']
Ward2-Leven_west dunbartonshire2022ward 2.csv,frozenset({'Sian WILKIE (Ind)'}),0.4,9,['John Kelly MILLAR (Lab)']
Ward2-Leven_west dunbartonshire2022ward 2.csv,frozenset({'Michelle Marie MCGINTY (Lab)'}),0.4,9,['John Kelly MILLAR (Lab)']
Ward2-Leven_west dunbartonshire2022ward 2.csv,frozenset({'Paula BAKER (Grn)'}),0.4,9,['John Kelly MILLAR (Lab)']
Ward2-Leven_west dunbartonshire2022ward 2.csv,frozenset({'Ian DICKSON (SNP)'}),0.4,9,['John Kelly MILLAR (Lab)']
Ward2-Leven_west dunbartonshire2022ward 2.csv,frozenset({'John Kelly MILLAR (Lab)'}),0.4,9,['John Kelly MILLAR (Lab)']
Ward2-Leven_west dunbartonshire2022ward 2.csv,frozenset({'Jim BOLLAN (WDuns)'}),0.4,9,['John Kelly MILLAR (Lab)']
Ward2-Leven_west dunbartonshire2022ward 2.csv,frozenset({'Matthew DILLON (Con)'}),0.4,9,['John Kelly MILLAR (Lab)']
Ward2-Leven_west dunbartonshire2022ward 2.csv,frozenset({'Ronnie MCCOLL (SNP)'}),0.5,9,['John Kelly MILLAR (Lab)']
Ward2-Leven_west dunbartonshire2022ward 2.csv,frozenset({'Sian WILKIE (Ind)'}),0.5,9,['John Kelly MILLAR (Lab)']
Ward2-Leven_west dunbartonshire2022ward 2.csv,frozenset({'Michelle Marie MCGINTY (Lab)'}),0.5,9,['John Kelly MILLAR (Lab)']
Ward2-Leven_west dunbartonshire2022ward 2.csv,frozenset({'Paula BAKER (Grn)'}),0.5,9,['John Kelly MILLAR (Lab)']
Ward2-Leven_west dunbartonshire2022ward 2.csv,frozenset({'Ian DICKSON (SNP)'}),0.5,9,['John Kelly MILLAR (Lab)']
Ward2-Leven_west dunbartonshire2022ward 2.csv,frozenset({'John Kelly MILLAR (Lab)'}),0.5,9,['John Kelly MILLAR (Lab)']
Ward2-Leven_west dunbartonshire2022ward 2.csv,frozenset({'Jim BOLLAN (WDuns)'}),0.5,9,['John Kelly MILLAR (Lab)']
Ward2-Leven_west dunbartonshire2022ward 2.csv,frozenset({'Matthew DILLON (Con)'}),0.5,9,['John Kelly MILLAR (Lab)']
govan_govan.csv,none,0,11,['# ALTERNATIVE NAME 4: John Flanagan (Lab)']
govan_govan.csv,frozenset({'# ALTERNATIVE NAME 7: Will Jess (Grn)'}),0.0,12,['# ALTERNATIVE NAME 4: John Flanagan (Lab)']
govan_govan.csv,frozenset({'# ALTERNATIVE NAME 8: Irene Lang (Sol)'}),0.0,12,['# ALTERNATIVE NAME 4: John Flanagan (Lab)']
govan_govan.csv,frozenset({'# ALTERNATIVE NAME 1: Shaukat Butt (Lab)'}),0.0,12,['# ALTERNATIVE NAME 4: John Flanagan (Lab)']
govan_govan.csv,frozenset({'# ALTERNATIVE NAME 10: George Douglas Mcnee (Ind)'}),0.0,12,['# ALTERNATIVE NAME 4: John Flanagan (Lab)']
govan_govan.csv,frozenset({'# ALTERNATIVE NAME 5: Alan L Hughes (SU)'}),0.0,12,['# ALTERNATIVE NAME 4: John Flanagan (Lab)']
govan_govan.csv,frozenset({'# ALTERNATIVE NAME 11: Carolina Perez (Soc)'}),0.0,12,['# ALTERNATIVE NAME 4: John Flanagan (Lab)']
govan_govan.csv,frozenset({'# ALTERNATIVE NAME 2: Michael Cobley (LD)'}),0.0,12,['# ALTERNATIVE NAME 4: John Flanagan (Lab)']
govan_govan.csv,frozenset({'# ALTERNATIVE NAME 6: Allison Hunter (SNP)'}),0.0,12,['# ALTERNATIVE NAME 4: John Flanagan (Lab)']
govan_govan.csv,frozenset({'# ALTERNATIVE NAME 3: Stephen Dornan (Lab)'}),0.0,12,['# ALTERNATIVE NAME 4: John Flanagan (Lab)']
govan_govan.csv,frozenset({'# ALTERNATIVE NAME 4: John Flanagan (Lab)'}),0.0,12,['# ALTERNATIVE NAME 4: John Flanagan (Lab)']
govan_govan.csv,frozenset({'# ALTERNATIVE NAME 9: Patricia Mcintyre (Con)'}),0.0,12,['# ALTERNATIVE NAME 4: John Flanagan (Lab)']
govan_govan.csv,frozenset({'# ALTERNATIVE NAME 7: Will Jess (Grn)'}),0.1,12,['# ALTERNATIVE NAME 4: John Flanagan (Lab)']
govan_govan.csv,frozenset({'# ALTERNATIVE NAME 8: Irene Lang (Sol)'}),0.1,12,['# ALTERNATIVE NAME 4: John Flanagan (Lab)']
govan_govan.csv,frozenset({'# ALTERNATIVE NAME 1: Shaukat Butt (Lab)'}),0.1,12,['# ALTERNATIVE NAME 4: John Flanagan (Lab)']
govan_govan.csv,frozenset({'# ALTERNATIVE NAME 10: George Douglas Mcnee (Ind)'}),0.1,12,['# ALTERNATIVE NAME 4: John Flanagan (Lab)']
govan_govan.csv,frozenset({'# ALTERNATIVE NAME 5: Alan L Hughes (SU)'}),0.1,12,['# ALTERNATIVE NAME 4: John Flanagan (Lab)']
govan_govan.csv,frozenset({'# ALTERNATIVE NAME 11: Carolina Perez (Soc)'}),0.1,12,['# ALTERNATIVE NAME 4: John Flanagan (Lab)']
govan_govan.csv,frozenset({'# ALTERNATIVE NAME 2: Michael Cobley (LD)'}),0.1,12,['# ALTERNATIVE NAME 4: John Flanagan (Lab)']
govan_govan.csv,frozenset({'# ALTERNATIVE NAME 6: Allison Hunter (SNP)'}),0.1,12,['# ALTERNATIVE NAME 4: John Flanagan (Lab)']
govan_govan.csv,frozenset({'# ALTERNATIVE NAME 3: Stephen Dornan (Lab)'}),0.1,12,['# ALTERNATIVE NAME 4: John Flanagan (Lab)']
govan_govan.csv,frozenset({'# ALTERNATIVE NAME 4: John Flanagan (Lab)'}),0.1,12,['Clone']
govan_govan.csv,frozenset({'# ALTERNATIVE NAME 9: Patricia Mcintyre (Con)'}),0.1,12,['# ALTERNATIVE NAME 4: John Flanagan (Lab)']
govan_govan.csv,frozenset({'# ALTERNATIVE NAME 7: Will Jess (Grn)'}),0.2,12,['# ALTERNATIVE NAME 4: John Flanagan (Lab)']
govan_govan.csv,frozenset({'# ALTERNATIVE NAME 8: Irene Lang (Sol)'}),0.2,12,['# ALTERNATIVE NAME 4: John Flanagan (Lab)']
govan_govan.csv,frozenset({'# ALTERNATIVE NAME 1: Shaukat Butt (Lab)'}),0.2,12,['# ALTERNATIVE NAME 4: John Flanagan (Lab)']
govan_govan.csv,frozenset({'# ALTERNATIVE NAME 10: George Douglas Mcnee (Ind)'}),0.2,12,['# ALTERNATIVE NAME 4: John Flanagan (Lab)']
govan_govan.csv,frozenset({'# ALTERNATIVE NAME 5: Alan L Hughes (SU)'}),0.2,12,['# ALTERNATIVE NAME 4: John Flanagan (Lab)']
govan_govan.csv,frozenset({'# ALTERNATIVE NAME 11: Carolina Perez (Soc)'}),0.2,12,['# ALTERNATIVE NAME 4: John Flanagan (Lab)']
govan_govan.csv,frozenset({'# ALTERNATIVE NAME 2: Michael Cobley (LD)'}),0.2,12,['# ALTERNATIVE NAME 4: John Flanagan (Lab)']
govan_govan.csv,frozenset({'# ALTERNATIVE NAME 6: Allison Hunter (SNP)'}),0.2,12,['# ALTERNATIVE NAME 4: John Flanagan (Lab)']
govan_govan.csv,frozenset({'# ALTERNATIVE NAME 3: Stephen Dornan (Lab)'}),0.2,12,['# ALTERNATIVE NAME 4: John Flanagan (Lab)']
govan_govan.csv,frozenset({'# ALTERNATIVE NAME 4: John Flanagan (Lab)'}),0.2,12,['Clone']
govan_govan.csv,frozenset({'# ALTERNATIVE NAME 9: Patricia Mcintyre (Con)'}),0.2,12,['# ALTERNATIVE NAME 4: John Flanagan (Lab)']
govan_govan.csv,frozenset({'# ALTERNATIVE NAME 7: Will Jess (Grn)'}),0.3,12,['# ALTERNATIVE NAME 4: John Flanagan (Lab)']
govan_govan.csv,frozenset({'# ALTERNATIVE NAME 8: Irene Lang (Sol)'}),0.3,12,['# ALTERNATIVE NAME 4: John Flanagan (Lab)']
govan_govan.csv,frozenset({'# ALTERNATIVE NAME 1: Shaukat Butt (Lab)'}),0.3,12,['# ALTERNATIVE NAME 4: John Flanagan (Lab)']
govan_govan.csv,frozenset({'# ALTERNATIVE NAME 10: George Douglas Mcnee (Ind)'}),0.3,12,['# ALTERNATIVE NAME 4: John Flanagan (Lab)']
govan_govan.csv,frozenset({'# ALTERNATIVE NAME 5: Alan L Hughes (SU)'}),0.3,12,['# ALTERNATIVE NAME 4: John Flanagan (Lab)']
govan_govan.csv,frozenset({'# ALTERNATIVE NAME 11: Carolina Perez (Soc)'}),0.3,12,['# ALTERNATIVE NAME 4: John Flanagan (Lab)']
govan_govan.csv,frozenset({'# ALTERNATIVE NAME 2: Michael Cobley (LD)'}),0.3,12,['# ALTERNATIVE NAME 4: John Flanagan (Lab)']
govan_govan.csv,frozenset({'# ALTERNATIVE NAME 6: Allison Hunter (SNP)'}),0.3,12,['# ALTERNATIVE NAME 4: John Flanagan (Lab)']
govan_govan.csv,frozenset({'# ALTERNATIVE NAME 3: Stephen Dornan (Lab)'}),0.3,12,['# ALTERNATIVE NAME 4: John Flanagan (Lab)']
govan_govan.csv,frozenset({'# ALTERNATIVE NAME 4: John Flanagan (Lab)'}),0.3,12,['Clone']
govan_govan.csv,frozenset({'# ALTERNATIVE NAME 9: Patricia Mcintyre (Con)'}),0.3,12,['# ALTERNATIVE NAME 4: John Flanagan (Lab)']
govan_govan.csv,frozenset({'# ALTERNATIVE NAME 7: Will Jess (Grn)'}),0.4,12,['# ALTERNATIVE NAME 4: John Flanagan (Lab)']
govan_govan.csv,frozenset({'# ALTERNATIVE NAME 8: Irene Lang (Sol)'}),0.4,12,['# ALTERNATIVE NAME 4: John Flanagan (Lab)']
govan_govan.csv,frozenset({'# ALTERNATIVE NAME 1: Shaukat Butt (Lab)'}),0.4,12,['# ALTERNATIVE NAME 4: John Flanagan (Lab)']
govan_govan.csv,frozenset({'# ALTERNATIVE NAME 10: George Douglas Mcnee (Ind)'}),0.4,12,['# ALTERNATIVE NAME 4: John Flanagan (Lab)']
govan_govan.csv,frozenset({'# ALTERNATIVE NAME 5: Alan L Hughes (SU)'}),0.4,12,['# ALTERNATIVE NAME 4: John Flanagan (Lab)']
govan_govan.csv,frozenset({'# ALTERNATIVE NAME 11: Carolina Perez (Soc)'}),0.4,12,['# ALTERNATIVE NAME 4: John Flanagan (Lab)']
govan_govan.csv,frozenset({'# ALTERNATIVE NAME 2: Michael Cobley (LD)'}),0.4,12,['# ALTERNATIVE NAME 4: John Flanagan (Lab)']
govan_govan.csv,frozenset({'# ALTERNATIVE NAME 6: Allison Hunter (SNP)'}),0.4,12,['# ALTERNATIVE NAME 4: John Flanagan (Lab)']
govan_govan.csv,frozenset({'# ALTERNATIVE NAME 3: Stephen Dornan (Lab)'}),0.4,12,['# ALTERNATIVE NAME 4: John Flanagan (Lab)']
govan_govan.csv,frozenset({'# ALTERNATIVE NAME 4: John Flanagan (Lab)'}),0.4,12,['# ALTERNATIVE NAME 4: John Flanagan (Lab)']
govan_govan.csv,frozenset({'# ALTERNATIVE NAME 9: Patricia Mcintyre (Con)'}),0.4,12,['# ALTERNATIVE NAME 4: John Flanagan (Lab)']
govan_govan.csv,frozenset({'# ALTERNATIVE NAME 7: Will Jess (Grn)'}),0.5,12,['# ALTERNATIVE NAME 4: John Flanagan (Lab)']
govan_govan.csv,frozenset({'# ALTERNATIVE NAME 8: Irene Lang (Sol)'}),0.5,12,['# ALTERNATIVE NAME 4: John Flanagan (Lab)']
govan_govan.csv,frozenset({'# ALTERNATIVE NAME 1: Shaukat Butt (Lab)'}),0.5,12,['# ALTERNATIVE NAME 4: John Flanagan (Lab)']
govan_govan.csv,frozenset({'# ALTERNATIVE NAME 10: George Douglas Mcnee (Ind)'}),0.5,12,['# ALTERNATIVE NAME 4: John Flanagan (Lab)']
govan_govan.csv,frozenset({'# ALTERNATIVE NAME 5: Alan L Hughes (SU)'}),0.5,12,['# ALTERNATIVE NAME 4: John Flanagan (Lab)']
govan_govan.csv,frozenset({'# ALTERNATIVE NAME 11: Carolina Perez (Soc)'}),0.5,12,['# ALTERNATIVE NAME 4: John Flanagan (Lab)']
govan_govan.csv,frozenset({'# ALTERNATIVE NAME 2: Michael Cobley (LD)'}),0.5,12,['# ALTERNATIVE NAME 4: John Flanagan (Lab)']
govan_govan.csv,frozenset({'# ALTERNATIVE NAME 6: Allison Hunter (SNP)'}),0.5,12,['# ALTERNATIVE NAME 4: John Flanagan (Lab)']
govan_govan.csv,frozenset({'# ALTERNATIVE NAME 3: Stephen Dornan (Lab)'}),0.5,12,['# ALTERNATIVE NAME 4: John Flanagan (Lab)']
govan_govan.csv,frozenset({'# ALTERNATIVE NAME 4: John Flanagan (Lab)'}),0.5,12,['# ALTERNATIVE NAME 4: John Flanagan (Lab)']
govan_govan.csv,frozenset({'# ALTERNATIVE NAME 9: Patricia Mcintyre (Con)'}),0.5,12,['# ALTERNATIVE NAME 4: John Flanagan (Lab)']
GlenrothesCentralAndThorntonWard_fife12-16.csv,none,0,7,['Ian SLOAN (Lab)']
GlenrothesCentralAndThorntonWard_fife12-16.csv,frozenset({'Brian MILLS (Con)'}),0.0,8,['Ian SLOAN (Lab)']
GlenrothesCentralAndThorntonWard_fife12-16.csv,frozenset({'Vikki WILTON (SNP)'}),0.0,8,['Ian SLOAN (Lab)']
GlenrothesCentralAndThorntonWard_fife12-16.csv,frozenset({'Jim BENVIE (SSC)'}),0.0,8,['Ian SLOAN (Lab)']
GlenrothesCentralAndThorntonWard_fife12-16.csv,frozenset({'Ross VETTRAINO (SNP)'}),0.0,8,['Ian SLOAN (Lab)']
GlenrothesCentralAndThorntonWard_fife12-16.csv,frozenset({'Jane KERR (LD)'}),0.0,8,['Ian SLOAN (Lab)']
GlenrothesCentralAndThorntonWard_fife12-16.csv,frozenset({'Ian CRICHTON (Lab)'}),0.0,8,['Ian SLOAN (Lab)']
GlenrothesCentralAndThorntonWard_fife12-16.csv,frozenset({'Ian SLOAN (Lab)'}),0.0,8,['Ian SLOAN (Lab)']
GlenrothesCentralAndThorntonWard_fife12-16.csv,frozenset({'Brian MILLS (Con)'}),0.1,8,['Ian SLOAN (Lab)']
GlenrothesCentralAndThorntonWard_fife12-16.csv,frozenset({'Vikki WILTON (SNP)'}),0.1,8,['Ian SLOAN (Lab)']
GlenrothesCentralAndThorntonWard_fife12-16.csv,frozenset({'Jim BENVIE (SSC)'}),0.1,8,['Ian SLOAN (Lab)']
GlenrothesCentralAndThorntonWard_fife12-16.csv,frozenset({'Ross VETTRAINO (SNP)'}),0.1,8,['Ian SLOAN (Lab)']
GlenrothesCentralAndThorntonWard_fife12-16.csv,frozenset({'Jane KERR (LD)'}),0.1,8,['Ian SLOAN (Lab)']
GlenrothesCentralAndThorntonWard_fife12-16.csv,frozenset({'Ian CRICHTON (Lab)'}),0.1,8,['Ian SLOAN (Lab)']
GlenrothesCentralAndThorntonWard_fife12-16.csv,frozenset({'Ian SLOAN (Lab)'}),0.1,8,['Ross VETTRAINO (SNP)']
GlenrothesCentralAndThorntonWard_fife12-16.csv,frozenset({'Brian MILLS (Con)'}),0.2,8,['Ian SLOAN (Lab)']
GlenrothesCentralAndThorntonWard_fife12-16.csv,frozenset({'Vikki WILTON (SNP)'}),0.2,8,['Ian SLOAN (Lab)']
GlenrothesCentralAndThorntonWard_fife12-16.csv,frozenset({'Jim BENVIE (SSC)'}),0.2,8,['Ian SLOAN (Lab)']
GlenrothesCentralAndThorntonWard_fife12-16.csv,frozenset({'Ross VETTRAINO (SNP)'}),0.2,8,['Ian SLOAN (Lab)']
GlenrothesCentralAndThorntonWard_fife12-16.csv,frozenset({'Jane KERR (LD)'}),0.2,8,['Ian SLOAN (Lab)']
GlenrothesCentralAndThorntonWard_fife12-16.csv,frozenset({'Ian CRICHTON (Lab)'}),0.2,8,['Ian SLOAN (Lab)']
GlenrothesCentralAndThorntonWard_fife12-16.csv,frozenset({'Ian SLOAN (Lab)'}),0.2,8,['Ross VETTRAINO (SNP)']
GlenrothesCentralAndThorntonWard_fife12-16.csv,frozenset({'Brian MILLS (Con)'}),0.3,8,['Ian SLOAN (Lab)']
GlenrothesCentralAndThorntonWard_fife12-16.csv,frozenset({'Vikki WILTON (SNP)'}),0.3,8,['Ian SLOAN (Lab)']
GlenrothesCentralAndThorntonWard_fife12-16.csv,frozenset({'Jim BENVIE (SSC)'}),0.3,8,['Ian SLOAN (Lab)']
GlenrothesCentralAndThorntonWard_fife12-16.csv,frozenset({'Ross VETTRAINO (SNP)'}),0.3,8,['Ian SLOAN (Lab)']
GlenrothesCentralAndThorntonWard_fife12-16.csv,frozenset({'Jane KERR (LD)'}),0.3,8,['Ian SLOAN (Lab)']
GlenrothesCentralAndThorntonWard_fife12-16.csv,frozenset({'Ian CRICHTON (Lab)'}),0.3,8,['Ian SLOAN (Lab)']
GlenrothesCentralAndThorntonWard_fife12-16.csv,frozenset({'Ian SLOAN (Lab)'}),0.3,8,['Ross VETTRAINO (SNP)']
GlenrothesCentralAndThorntonWard_fife12-16.csv,frozenset({'Brian MILLS (Con)'}),0.4,8,['Ian SLOAN (Lab)']
GlenrothesCentralAndThorntonWard_fife12-16.csv,frozenset({'Vikki WILTON (SNP)'}),0.4,8,['Ian SLOAN (Lab)']
GlenrothesCentralAndThorntonWard_fife12-16.csv,frozenset({'Jim BENVIE (SSC)'}),0.4,8,['Ian SLOAN (Lab)']
GlenrothesCentralAndThorntonWard_fife12-16.csv,frozenset({'Ross VETTRAINO (SNP)'}),0.4,8,['Ian SLOAN (Lab)']
GlenrothesCentralAndThorntonWard_fife12-16.csv,frozenset({'Jane KERR (LD)'}),0.4,8,['Ian SLOAN (Lab)']
GlenrothesCentralAndThorntonWard_fife12-16.csv,frozenset({'Ian CRICHTON (Lab)'}),0.4,8,['Ian SLOAN (Lab)']
GlenrothesCentralAndThorntonWard_fife12-16.csv,frozenset({'Ian SLOAN (Lab)'}),0.4,8,['Clone']
GlenrothesCentralAndThorntonWard_fife12-16.csv,frozenset({'Brian MILLS (Con)'}),0.5,8,['Ian SLOAN (Lab)']
GlenrothesCentralAndThorntonWard_fife12-16.csv,frozenset({'Vikki WILTON (SNP)'}),0.5,8,['Ian SLOAN (Lab)']
GlenrothesCentralAndThorntonWard_fife12-16.csv,frozenset({'Jim BENVIE (SSC)'}),0.5,8,['Ian SLOAN (Lab)']
GlenrothesCentralAndThorntonWard_fife12-16.csv,frozenset({'Ross VETTRAINO (SNP)'}),0.5,8,['Ian SLOAN (Lab)']
GlenrothesCentralAndThorntonWard_fife12-16.csv,frozenset({'Jane KERR (LD)'}),0.5,8,['Ian SLOAN (Lab)']
GlenrothesCentralAndThorntonWard_fife12-16.csv,frozenset({'Ian CRICHTON (Lab)'}),0.5,8,['Ian SLOAN (Lab)']
GlenrothesCentralAndThorntonWard_fife12-16.csv,frozenset({'Ian SLOAN (Lab)'}),0.5,8,['Ross VETTRAINO (SNP)']
7.JohnstoneSouthElderslie&HowwoodWard_renfs12-07.csv,none,0,8,['Iain MCMILLAN (Lab)']
7.JohnstoneSouthElderslie&HowwoodWard_renfs12-07.csv,frozenset({'Iain MCMILLAN (Lab)'}),0.0,9,['John HOOD (Lab)']
7.JohnstoneSouthElderslie&HowwoodWard_renfs12-07.csv,frozenset({'John HOOD (Lab)'}),0.0,9,['Iain MCMILLAN (Lab)']
7.JohnstoneSouthElderslie&HowwoodWard_renfs12-07.csv,frozenset({'John Duncan MCINTYRE (Con)'}),0.0,9,['Iain MCMILLAN (Lab)']
7.JohnstoneSouthElderslie&HowwoodWard_renfs12-07.csv,frozenset({'STEPHEN MCGEE (SNP)'}),0.0,9,['Iain MCMILLAN (Lab)']
7.JohnstoneSouthElderslie&HowwoodWard_renfs12-07.csv,frozenset({'TRACIE MCGEE (SNP)'}),0.0,9,['Iain MCMILLAN (Lab)']
7.JohnstoneSouthElderslie&HowwoodWard_renfs12-07.csv,frozenset({'Ryan MORRISON (LD)'}),0.0,9,['Iain MCMILLAN (Lab)']
7.JohnstoneSouthElderslie&HowwoodWard_renfs12-07.csv,frozenset({'John CALDWELL (Lab)'}),0.0,9,['Iain MCMILLAN (Lab)']
7.JohnstoneSouthElderslie&HowwoodWard_renfs12-07.csv,frozenset({'Gerry MCCARTNEY (Soc)'}),0.0,9,['Iain MCMILLAN (Lab)']
7.JohnstoneSouthElderslie&HowwoodWard_renfs12-07.csv,frozenset({'Iain MCMILLAN (Lab)'}),0.1,9,['John HOOD (Lab)']
7.JohnstoneSouthElderslie&HowwoodWard_renfs12-07.csv,frozenset({'John HOOD (Lab)'}),0.1,9,['Iain MCMILLAN (Lab)']
7.JohnstoneSouthElderslie&HowwoodWard_renfs12-07.csv,frozenset({'John Duncan MCINTYRE (Con)'}),0.1,9,['Iain MCMILLAN (Lab)']
7.JohnstoneSouthElderslie&HowwoodWard_renfs12-07.csv,frozenset({'STEPHEN MCGEE (SNP)'}),0.1,9,['Iain MCMILLAN (Lab)']
7.JohnstoneSouthElderslie&HowwoodWard_renfs12-07.csv,frozenset({'TRACIE MCGEE (SNP)'}),0.1,9,['Iain MCMILLAN (Lab)']
7.JohnstoneSouthElderslie&HowwoodWard_renfs12-07.csv,frozenset({'Ryan MORRISON (LD)'}),0.1,9,['Iain MCMILLAN (Lab)']
7.JohnstoneSouthElderslie&HowwoodWard_renfs12-07.csv,frozenset({'John CALDWELL (Lab)'}),0.1,9,['Iain MCMILLAN (Lab)']
7.JohnstoneSouthElderslie&HowwoodWard_renfs12-07.csv,frozenset({'Gerry MCCARTNEY (Soc)'}),0.1,9,['Iain MCMILLAN (Lab)']
7.JohnstoneSouthElderslie&HowwoodWard_renfs12-07.csv,frozenset({'Iain MCMILLAN (Lab)'}),0.2,9,['John HOOD (Lab)']
7.JohnstoneSouthElderslie&HowwoodWard_renfs12-07.csv,frozenset({'John HOOD (Lab)'}),0.2,9,['Iain MCMILLAN (Lab)']
7.JohnstoneSouthElderslie&HowwoodWard_renfs12-07.csv,frozenset({'John Duncan MCINTYRE (Con)'}),0.2,9,['Iain MCMILLAN (Lab)']
7.JohnstoneSouthElderslie&HowwoodWard_renfs12-07.csv,frozenset({'STEPHEN MCGEE (SNP)'}),0.2,9,['Iain MCMILLAN (Lab)']
7.JohnstoneSouthElderslie&HowwoodWard_renfs12-07.csv,frozenset({'TRACIE MCGEE (SNP)'}),0.2,9,['Iain MCMILLAN (Lab)']
7.JohnstoneSouthElderslie&HowwoodWard_renfs12-07.csv,frozenset({'Ryan MORRISON (LD)'}),0.2,9,['Iain MCMILLAN (Lab)']
7.JohnstoneSouthElderslie&HowwoodWard_renfs12-07.csv,frozenset({'John CALDWELL (Lab)'}),0.2,9,['Iain MCMILLAN (Lab)']
7.JohnstoneSouthElderslie&HowwoodWard_renfs12-07.csv,frozenset({'Gerry MCCARTNEY (Soc)'}),0.2,9,['Iain MCMILLAN (Lab)']
7.JohnstoneSouthElderslie&HowwoodWard_renfs12-07.csv,frozenset({'Iain MCMILLAN (Lab)'}),0.3,9,['John HOOD (Lab)']
7.JohnstoneSouthElderslie&HowwoodWard_renfs12-07.csv,frozenset({'John HOOD (Lab)'}),0.3,9,['Iain MCMILLAN (Lab)']
7.JohnstoneSouthElderslie&HowwoodWard_renfs12-07.csv,frozenset({'John Duncan MCINTYRE (Con)'}),0.3,9,['Iain MCMILLAN (Lab)']
7.JohnstoneSouthElderslie&HowwoodWard_renfs12-07.csv,frozenset({'STEPHEN MCGEE (SNP)'}),0.3,9,['Iain MCMILLAN (Lab)']
7.JohnstoneSouthElderslie&HowwoodWard_renfs12-07.csv,frozenset({'TRACIE MCGEE (SNP)'}),0.3,9,['Iain MCMILLAN (Lab)']
7.JohnstoneSouthElderslie&HowwoodWard_renfs12-07.csv,frozenset({'Ryan MORRISON (LD)'}),0.3,9,['Iain MCMILLAN (Lab)']
7.JohnstoneSouthElderslie&HowwoodWard_renfs12-07.csv,frozenset({'John CALDWELL (Lab)'}),0.3,9,['Iain MCMILLAN (Lab)']
7.JohnstoneSouthElderslie&HowwoodWard_renfs12-07.csv,frozenset({'Gerry MCCARTNEY (Soc)'}),0.3,9,['Iain MCMILLAN (Lab)']
7.JohnstoneSouthElderslie&HowwoodWard_renfs12-07.csv,frozenset({'Iain MCMILLAN (Lab)'}),0.4,9,['Iain MCMILLAN (Lab)']
7.JohnstoneSouthElderslie&HowwoodWard_renfs12-07.csv,frozenset({'John HOOD (Lab)'}),0.4,9,['Iain MCMILLAN (Lab)']
7.JohnstoneSouthElderslie&HowwoodWard_renfs12-07.csv,frozenset({'John Duncan MCINTYRE (Con)'}),0.4,9,['Iain MCMILLAN (Lab)']
7.JohnstoneSouthElderslie&HowwoodWard_renfs12-07.csv,frozenset({'STEPHEN MCGEE (SNP)'}),0.4,9,['Iain MCMILLAN (Lab)']
7.JohnstoneSouthElderslie&HowwoodWard_renfs12-07.csv,frozenset({'TRACIE MCGEE (SNP)'}),0.4,9,['Iain MCMILLAN (Lab)']
7.JohnstoneSouthElderslie&HowwoodWard_renfs12-07.csv,frozenset({'Ryan MORRISON (LD)'}),0.4,9,['Iain MCMILLAN (Lab)']
7.JohnstoneSouthElderslie&HowwoodWard_renfs12-07.csv,frozenset({'John CALDWELL (Lab)'}),0.4,9,['Iain MCMILLAN (Lab)']
7.JohnstoneSouthElderslie&HowwoodWard_renfs12-07.csv,frozenset({'Gerry MCCARTNEY (Soc)'}),0.4,9,['Iain MCMILLAN (Lab)']
7.JohnstoneSouthElderslie&HowwoodWard_renfs12-07.csv,frozenset({'Iain MCMILLAN (Lab)'}),0.5,9,['Iain MCMILLAN (Lab)']
7.JohnstoneSouthElderslie&HowwoodWard_renfs12-07.csv,frozenset({'John HOOD (Lab)'}),0.5,9,['Iain MCMILLAN (Lab)']
7.JohnstoneSouthElderslie&HowwoodWard_renfs12-07.csv,frozenset({'John Duncan MCINTYRE (Con)'}),0.5,9,['Iain MCMILLAN (Lab)']
7.JohnstoneSouthElderslie&HowwoodWard_renfs12-07.csv,frozenset({'STEPHEN MCGEE (SNP)'}),0.5,9,['Iain MCMILLAN (Lab)']
7.JohnstoneSouthElderslie&HowwoodWard_renfs12-07.csv,frozenset({'TRACIE MCGEE (SNP)'}),0.5,9,['Iain MCMILLAN (Lab)']
7.JohnstoneSouthElderslie&HowwoodWard_renfs12-07.csv,frozenset({'Ryan MORRISON (LD)'}),0.5,9,['Iain MCMILLAN (Lab)']
7.JohnstoneSouthElderslie&HowwoodWard_renfs12-07.csv,frozenset({'John CALDWELL (Lab)'}),0.5,9,['Iain MCMILLAN (Lab)']
7.JohnstoneSouthElderslie&HowwoodWard_renfs12-07.csv,frozenset({'Gerry MCCARTNEY (Soc)'}),0.5,9,['Iain MCMILLAN (Lab)']
Ward3-DeeandGlenkens_ward3.csv,none,0,7,['Susan MURDOCH (Con)']
Ward3-DeeandGlenkens_ward3.csv,frozenset({'John DENERLEY (Con)'}),0.0,8,['Susan MURDOCH (Con)']
Ward3-DeeandGlenkens_ward3.csv,frozenset({'Graham TRICKEY (Lab)'}),0.0,8,['Susan MURDOCH (Con)']
Ward3-DeeandGlenkens_ward3.csv,frozenset({'Laura Elizabeth MOODIE (Grn)'}),0.0,8,['Susan MURDOCH (Con)']
Ward3-DeeandGlenkens_ward3.csv,frozenset({'Dougie CAMPBELL (Ind)'}),0.0,8,['Susan MURDOCH (Con)']
Ward3-DeeandGlenkens_ward3.csv,frozenset({'Susan MURDOCH (Con)'}),0.0,8,['Susan MURDOCH (Con)']
Ward3-DeeandGlenkens_ward3.csv,frozenset({'Andy MCFARLANE (SNP)'}),0.0,8,['Susan MURDOCH (Con)']
Ward3-DeeandGlenkens_ward3.csv,frozenset({'Anthony BIRD (LD)'}),0.0,8,['Susan MURDOCH (Con)']
Ward3-DeeandGlenkens_ward3.csv,frozenset({'John DENERLEY (Con)'}),0.1,8,['Susan MURDOCH (Con)']
Ward3-DeeandGlenkens_ward3.csv,frozenset({'Graham TRICKEY (Lab)'}),0.1,8,['Susan MURDOCH (Con)']
Ward3-DeeandGlenkens_ward3.csv,frozenset({'Laura Elizabeth MOODIE (Grn)'}),0.1,8,['Susan MURDOCH (Con)']
Ward3-DeeandGlenkens_ward3.csv,frozenset({'Dougie CAMPBELL (Ind)'}),0.1,8,['Susan MURDOCH (Con)']
Ward3-DeeandGlenkens_ward3.csv,frozenset({'Susan MURDOCH (Con)'}),0.1,8,['Dougie CAMPBELL (Ind)']
Ward3-DeeandGlenkens_ward3.csv,frozenset({'Andy MCFARLANE (SNP)'}),0.1,8,['Susan MURDOCH (Con)']
Ward3-DeeandGlenkens_ward3.csv,frozenset({'Anthony BIRD (LD)'}),0.1,8,['Susan MURDOCH (Con)']
Ward3-DeeandGlenkens_ward3.csv,frozenset({'John DENERLEY (Con)'}),0.2,8,['Susan MURDOCH (Con)']
Ward3-DeeandGlenkens_ward3.csv,frozenset({'Graham TRICKEY (Lab)'}),0.2,8,['Susan MURDOCH (Con)']
Ward3-DeeandGlenkens_ward3.csv,frozenset({'Laura Elizabeth MOODIE (Grn)'}),0.2,8,['Susan MURDOCH (Con)']
Ward3-DeeandGlenkens_ward3.csv,frozenset({'Dougie CAMPBELL (Ind)'}),0.2,8,['Susan MURDOCH (Con)']
Ward3-DeeandGlenkens_ward3.csv,frozenset({'Susan MURDOCH (Con)'}),0.2,8,['Dougie CAMPBELL (Ind)']
Ward3-DeeandGlenkens_ward3.csv,frozenset({'Andy MCFARLANE (SNP)'}),0.2,8,['Susan MURDOCH (Con)']
Ward3-DeeandGlenkens_ward3.csv,frozenset({'Anthony BIRD (LD)'}),0.2,8,['Susan MURDOCH (Con)']
Ward3-DeeandGlenkens_ward3.csv,frozenset({'John DENERLEY (Con)'}),0.3,8,['Susan MURDOCH (Con)']
Ward3-DeeandGlenkens_ward3.csv,frozenset({'Graham TRICKEY (Lab)'}),0.3,8,['Susan MURDOCH (Con)']
Ward3-DeeandGlenkens_ward3.csv,frozenset({'Laura Elizabeth MOODIE (Grn)'}),0.3,8,['Susan MURDOCH (Con)']
Ward3-DeeandGlenkens_ward3.csv,frozenset({'Dougie CAMPBELL (Ind)'}),0.3,8,['Susan MURDOCH (Con)']
Ward3-DeeandGlenkens_ward3.csv,frozenset({'Susan MURDOCH (Con)'}),0.3,8,['Dougie CAMPBELL (Ind)']
Ward3-DeeandGlenkens_ward3.csv,frozenset({'Andy MCFARLANE (SNP)'}),0.3,8,['Susan MURDOCH (Con)']
Ward3-DeeandGlenkens_ward3.csv,frozenset({'Anthony BIRD (LD)'}),0.3,8,['Susan MURDOCH (Con)']
Ward3-DeeandGlenkens_ward3.csv,frozenset({'John DENERLEY (Con)'}),0.4,8,['Susan MURDOCH (Con)']
Ward3-DeeandGlenkens_ward3.csv,frozenset({'Graham TRICKEY (Lab)'}),0.4,8,['Susan MURDOCH (Con)']
Ward3-DeeandGlenkens_ward3.csv,frozenset({'Laura Elizabeth MOODIE (Grn)'}),0.4,8,['Susan MURDOCH (Con)']
Ward3-DeeandGlenkens_ward3.csv,frozenset({'Dougie CAMPBELL (Ind)'}),0.4,8,['Susan MURDOCH (Con)']
Ward3-DeeandGlenkens_ward3.csv,frozenset({'Susan MURDOCH (Con)'}),0.4,8,['Susan MURDOCH (Con)']
Ward3-DeeandGlenkens_ward3.csv,frozenset({'Andy MCFARLANE (SNP)'}),0.4,8,['Susan MURDOCH (Con)']
Ward3-DeeandGlenkens_ward3.csv,frozenset({'Anthony BIRD (LD)'}),0.4,8,['Susan MURDOCH (Con)']
Ward3-DeeandGlenkens_ward3.csv,frozenset({'John DENERLEY (Con)'}),0.5,8,['Susan MURDOCH (Con)']
Ward3-DeeandGlenkens_ward3.csv,frozenset({'Graham TRICKEY (Lab)'}),0.5,8,['Susan MURDOCH (Con)']
Ward3-DeeandGlenkens_ward3.csv,frozenset({'Laura Elizabeth MOODIE (Grn)'}),0.5,8,['Susan MURDOCH (Con)']
Ward3-DeeandGlenkens_ward3.csv,frozenset({'Dougie CAMPBELL (Ind)'}),0.5,8,['Susan MURDOCH (Con)']
Ward3-DeeandGlenkens_ward3.csv,frozenset({'Susan MURDOCH (Con)'}),0.5,8,['Dougie CAMPBELL (Ind)']
Ward3-DeeandGlenkens_ward3.csv,frozenset({'Andy MCFARLANE (SNP)'}),0.5,8,['Susan MURDOCH (Con)']
Ward3-DeeandGlenkens_ward3.csv,frozenset({'Anthony BIRD (LD)'}),0.5,8,['Susan MURDOCH (Con)']
Ward2-KintyreandtheIslands_ward2.csv,none,0,6,['John MCALPINE (Ind)']
Ward2-KintyreandtheIslands_ward2.csv,frozenset({'Robin CURRIE (LD)'}),0.0,7,['Dougie MCFADZEAN (SNP)']
Ward2-KintyreandtheIslands_ward2.csv,frozenset({'Dougie MCFADZEAN (SNP)'}),0.0,7,['John MCALPINE (Ind)']
Ward2-KintyreandtheIslands_ward2.csv,frozenset({'Jane B KELLY (Lab)'}),0.0,7,['John MCALPINE (Ind)']
Ward2-KintyreandtheIslands_ward2.csv,frozenset({'Alec MCNEILLY (Con)'}),0.0,7,['John MCALPINE (Ind)']
Ward2-KintyreandtheIslands_ward2.csv,frozenset({'Alastair John REDMAN (Ind)'}),0.0,7,['John MCALPINE (Ind)']
Ward2-KintyreandtheIslands_ward2.csv,frozenset({'John MCALPINE (Ind)'}),0.0,7,['Dougie MCFADZEAN (SNP)']
Ward2-KintyreandtheIslands_ward2.csv,frozenset({'Robin CURRIE (LD)'}),0.1,7,['Dougie MCFADZEAN (SNP)']
Ward2-KintyreandtheIslands_ward2.csv,frozenset({'Dougie MCFADZEAN (SNP)'}),0.1,7,['John MCALPINE (Ind)']
Ward2-KintyreandtheIslands_ward2.csv,frozenset({'Jane B KELLY (Lab)'}),0.1,7,['John MCALPINE (Ind)']
Ward2-KintyreandtheIslands_ward2.csv,frozenset({'Alec MCNEILLY (Con)'}),0.1,7,['John MCALPINE (Ind)']
Ward2-KintyreandtheIslands_ward2.csv,frozenset({'Alastair John REDMAN (Ind)'}),0.1,7,['John MCALPINE (Ind)']
Ward2-KintyreandtheIslands_ward2.csv,frozenset({'John MCALPINE (Ind)'}),0.1,7,['Dougie MCFADZEAN (SNP)']
Ward2-KintyreandtheIslands_ward2.csv,frozenset({'Robin CURRIE (LD)'}),0.2,7,['Dougie MCFADZEAN (SNP)']
Ward2-KintyreandtheIslands_ward2.csv,frozenset({'Dougie MCFADZEAN (SNP)'}),0.2,7,['John MCALPINE (Ind)']
Ward2-KintyreandtheIslands_ward2.csv,frozenset({'Jane B KELLY (Lab)'}),0.2,7,['John MCALPINE (Ind)']
Ward2-KintyreandtheIslands_ward2.csv,frozenset({'Alec MCNEILLY (Con)'}),0.2,7,['John MCALPINE (Ind)']
Ward2-KintyreandtheIslands_ward2.csv,frozenset({'Alastair John REDMAN (Ind)'}),0.2,7,['John MCALPINE (Ind)']
Ward2-KintyreandtheIslands_ward2.csv,frozenset({'John MCALPINE (Ind)'}),0.2,7,['Dougie MCFADZEAN (SNP)']
Ward2-KintyreandtheIslands_ward2.csv,frozenset({'Robin CURRIE (LD)'}),0.3,7,['Dougie MCFADZEAN (SNP)']
Ward2-KintyreandtheIslands_ward2.csv,frozenset({'Dougie MCFADZEAN (SNP)'}),0.3,7,['John MCALPINE (Ind)']
Ward2-KintyreandtheIslands_ward2.csv,frozenset({'Jane B KELLY (Lab)'}),0.3,7,['John MCALPINE (Ind)']
Ward2-KintyreandtheIslands_ward2.csv,frozenset({'Alec MCNEILLY (Con)'}),0.3,7,['John MCALPINE (Ind)']
Ward2-KintyreandtheIslands_ward2.csv,frozenset({'Alastair John REDMAN (Ind)'}),0.3,7,['John MCALPINE (Ind)']
Ward2-KintyreandtheIslands_ward2.csv,frozenset({'John MCALPINE (Ind)'}),0.3,7,['Dougie MCFADZEAN (SNP)']
Ward2-KintyreandtheIslands_ward2.csv,frozenset({'Robin CURRIE (LD)'}),0.4,7,['Dougie MCFADZEAN (SNP)']
Ward2-KintyreandtheIslands_ward2.csv,frozenset({'Dougie MCFADZEAN (SNP)'}),0.4,7,['Dougie MCFADZEAN (SNP)']
Ward2-KintyreandtheIslands_ward2.csv,frozenset({'Jane B KELLY (Lab)'}),0.4,7,['John MCALPINE (Ind)']
Ward2-KintyreandtheIslands_ward2.csv,frozenset({'Alec MCNEILLY (Con)'}),0.4,7,['John MCALPINE (Ind)']
Ward2-KintyreandtheIslands_ward2.csv,frozenset({'Alastair John REDMAN (Ind)'}),0.4,7,['John MCALPINE (Ind)']
Ward2-KintyreandtheIslands_ward2.csv,frozenset({'John MCALPINE (Ind)'}),0.4,7,['John MCALPINE (Ind)']
Ward2-KintyreandtheIslands_ward2.csv,frozenset({'Robin CURRIE (LD)'}),0.5,7,['Dougie MCFADZEAN (SNP)']
Ward2-KintyreandtheIslands_ward2.csv,frozenset({'Dougie MCFADZEAN (SNP)'}),0.5,7,['John MCALPINE (Ind)']
Ward2-KintyreandtheIslands_ward2.csv,frozenset({'Jane B KELLY (Lab)'}),0.5,7,['John MCALPINE (Ind)']
Ward2-KintyreandtheIslands_ward2.csv,frozenset({'Alec MCNEILLY (Con)'}),0.5,7,['John MCALPINE (Ind)']
Ward2-KintyreandtheIslands_ward2.csv,frozenset({'Alastair John REDMAN (Ind)'}),0.5,7,['John MCALPINE (Ind)']
Ward2-KintyreandtheIslands_ward2.csv,frozenset({'John MCALPINE (Ind)'}),0.5,7,['John MCALPINE (Ind)']
Minneapolis_11022021_CityCouncilWard2.csv,none,0,5,['Robin Wonsley Worlobah']
Minneapolis_11022021_CityCouncilWard2.csv,frozenset({'Robin Wonsley Worlobah'}),0.0,6,['Cam Gordon']
Minneapolis_11022021_CityCouncilWard2.csv,frozenset({'Cam Gordon'}),0.0,6,['Robin Wonsley Worlobah']
Minneapolis_11022021_CityCouncilWard2.csv,frozenset({'Guy T Gaskin'}),0.0,6,['Robin Wonsley Worlobah']
Minneapolis_11022021_CityCouncilWard2.csv,frozenset({'Yusra Arab'}),0.0,6,['Robin Wonsley Worlobah']
Minneapolis_11022021_CityCouncilWard2.csv,frozenset({'Tom Anderson'}),0.0,6,['Robin Wonsley Worlobah']
Minneapolis_11022021_CityCouncilWard2.csv,frozenset({'Robin Wonsley Worlobah'}),0.1,6,['Cam Gordon']
Minneapolis_11022021_CityCouncilWard2.csv,frozenset({'Cam Gordon'}),0.1,6,['Robin Wonsley Worlobah']
Minneapolis_11022021_CityCouncilWard2.csv,frozenset({'Guy T Gaskin'}),0.1,6,['Robin Wonsley Worlobah']
Minneapolis_11022021_CityCouncilWard2.csv,frozenset({'Yusra Arab'}),0.1,6,['Robin Wonsley Worlobah']
Minneapolis_11022021_CityCouncilWard2.csv,frozenset({'Tom Anderson'}),0.1,6,['Robin Wonsley Worlobah']
Minneapolis_11022021_CityCouncilWard2.csv,frozenset({'Robin Wonsley Worlobah'}),0.2,6,['Cam Gordon']
Minneapolis_11022021_CityCouncilWard2.csv,frozenset({'Cam Gordon'}),0.2,6,['Robin Wonsley Worlobah']
Minneapolis_11022021_CityCouncilWard2.csv,frozenset({'Guy T Gaskin'}),0.2,6,['Robin Wonsley Worlobah']
Minneapolis_11022021_CityCouncilWard2.csv,frozenset({'Yusra Arab'}),0.2,6,['Robin Wonsley Worlobah']
Minneapolis_11022021_CityCouncilWard2.csv,frozenset({'Tom Anderson'}),0.2,6,['Robin Wonsley Worlobah']
Minneapolis_11022021_CityCouncilWard2.csv,frozenset({'Robin Wonsley Worlobah'}),0.3,6,['Cam Gordon']
Minneapolis_11022021_CityCouncilWard2.csv,frozenset({'Cam Gordon'}),0.3,6,['Robin Wonsley Worlobah']
Minneapolis_11022021_CityCouncilWard2.csv,frozenset({'Guy T Gaskin'}),0.3,6,['Robin Wonsley Worlobah']
Minneapolis_11022021_CityCouncilWard2.csv,frozenset({'Yusra Arab'}),0.3,6,['Robin Wonsley Worlobah']
Minneapolis_11022021_CityCouncilWard2.csv,frozenset({'Tom Anderson'}),0.3,6,['Robin Wonsley Worlobah']
Minneapolis_11022021_CityCouncilWard2.csv,frozenset({'Robin Wonsley Worlobah'}),0.4,6,['Cam Gordon']
Minneapolis_11022021_CityCouncilWard2.csv,frozenset({'Cam Gordon'}),0.4,6,['Robin Wonsley Worlobah']
Minneapolis_11022021_CityCouncilWard2.csv,frozenset({'Guy T Gaskin'}),0.4,6,['Robin Wonsley Worlobah']
Minneapolis_11022021_CityCouncilWard2.csv,frozenset({'Yusra Arab'}),0.4,6,['Robin Wonsley Worlobah']
Minneapolis_11022021_CityCouncilWard2.csv,frozenset({'Tom Anderson'}),0.4,6,['Robin Wonsley Worlobah']
Minneapolis_11022021_CityCouncilWard2.csv,frozenset({'Robin Wonsley Worlobah'}),0.5,6,['Robin Wonsley Worlobah']
Minneapolis_11022021_CityCouncilWard2.csv,frozenset({'Cam Gordon'}),0.5,6,['Robin Wonsley Worlobah']
Minneapolis_11022021_CityCouncilWard2.csv,frozenset({'Guy T Gaskin'}),0.5,6,['Robin Wonsley Worlobah']
Minneapolis_11022021_CityCouncilWard2.csv,frozenset({'Yusra Arab'}),0.5,6,['Robin Wonsley Worlobah']
Minneapolis_11022021_CityCouncilWard2.csv,frozenset({'Tom Anderson'}),0.5,6,['Robin Wonsley Worlobah']
Ward4-CumbernauldEast_n-lanarks17-004.csv,none,0,8,['Tom JOHNSTON (SNP)']
Ward4-CumbernauldEast_n-lanarks17-004.csv,frozenset({'Paddy HOGG (SNP)'}),0.0,9,['Tom JOHNSTON (SNP)']
Ward4-CumbernauldEast_n-lanarks17-004.csv,frozenset({'Claire BARCLAY (SNP)'}),0.0,9,['Tom JOHNSTON (SNP)']
Ward4-CumbernauldEast_n-lanarks17-004.csv,frozenset({'Gillian FANNAN (Lab)'}),0.0,9,['Tom JOHNSTON (SNP)']
Ward4-CumbernauldEast_n-lanarks17-004.csv,frozenset({'Stevie GRANT (Lab)'}),0.0,9,['Tom JOHNSTON (SNP)']
Ward4-CumbernauldEast_n-lanarks17-004.csv,frozenset({'Anne MCCROSSAN (Grn)'}),0.0,9,['Tom JOHNSTON (SNP)']
Ward4-CumbernauldEast_n-lanarks17-004.csv,frozenset({'Tom JOHNSTON (SNP)'}),0.0,9,['Claire BARCLAY (SNP)']
Ward4-CumbernauldEast_n-lanarks17-004.csv,frozenset({'David STARK (Con)'}),0.0,9,['Tom JOHNSTON (SNP)']
Ward4-CumbernauldEast_n-lanarks17-004.csv,frozenset({'Andy LOCKE (Soc)'}),0.0,9,['Tom JOHNSTON (SNP)']
Ward4-CumbernauldEast_n-lanarks17-004.csv,frozenset({'Paddy HOGG (SNP)'}),0.1,9,['Tom JOHNSTON (SNP)']
Ward4-CumbernauldEast_n-lanarks17-004.csv,frozenset({'Claire BARCLAY (SNP)'}),0.1,9,['Tom JOHNSTON (SNP)']
Ward4-CumbernauldEast_n-lanarks17-004.csv,frozenset({'Gillian FANNAN (Lab)'}),0.1,9,['Tom JOHNSTON (SNP)']
Ward4-CumbernauldEast_n-lanarks17-004.csv,frozenset({'Stevie GRANT (Lab)'}),0.1,9,['Tom JOHNSTON (SNP)']
Ward4-CumbernauldEast_n-lanarks17-004.csv,frozenset({'Anne MCCROSSAN (Grn)'}),0.1,9,['Tom JOHNSTON (SNP)']
Ward4-CumbernauldEast_n-lanarks17-004.csv,frozenset({'Tom JOHNSTON (SNP)'}),0.1,9,['Claire BARCLAY (SNP)']
Ward4-CumbernauldEast_n-lanarks17-004.csv,frozenset({'David STARK (Con)'}),0.1,9,['Tom JOHNSTON (SNP)']
Ward4-CumbernauldEast_n-lanarks17-004.csv,frozenset({'Andy LOCKE (Soc)'}),0.1,9,['Tom JOHNSTON (SNP)']
Ward4-CumbernauldEast_n-lanarks17-004.csv,frozenset({'Paddy HOGG (SNP)'}),0.2,9,['Tom JOHNSTON (SNP)']
Ward4-CumbernauldEast_n-lanarks17-004.csv,frozenset({'Claire BARCLAY (SNP)'}),0.2,9,['Tom JOHNSTON (SNP)']
Ward4-CumbernauldEast_n-lanarks17-004.csv,frozenset({'Gillian FANNAN (Lab)'}),0.2,9,['Tom JOHNSTON (SNP)']
Ward4-CumbernauldEast_n-lanarks17-004.csv,frozenset({'Stevie GRANT (Lab)'}),0.2,9,['Tom JOHNSTON (SNP)']
Ward4-CumbernauldEast_n-lanarks17-004.csv,frozenset({'Anne MCCROSSAN (Grn)'}),0.2,9,['Tom JOHNSTON (SNP)']
Ward4-CumbernauldEast_n-lanarks17-004.csv,frozenset({'Tom JOHNSTON (SNP)'}),0.2,9,['Claire BARCLAY (SNP)']
Ward4-CumbernauldEast_n-lanarks17-004.csv,frozenset({'David STARK (Con)'}),0.2,9,['Tom JOHNSTON (SNP)']
Ward4-CumbernauldEast_n-lanarks17-004.csv,frozenset({'Andy LOCKE (Soc)'}),0.2,9,['Tom JOHNSTON (SNP)']
Ward4-CumbernauldEast_n-lanarks17-004.csv,frozenset({'Paddy HOGG (SNP)'}),0.3,9,['Tom JOHNSTON (SNP)']
Ward4-CumbernauldEast_n-lanarks17-004.csv,frozenset({'Claire BARCLAY (SNP)'}),0.3,9,['Tom JOHNSTON (SNP)']
Ward4-CumbernauldEast_n-lanarks17-004.csv,frozenset({'Gillian FANNAN (Lab)'}),0.3,9,['Tom JOHNSTON (SNP)']
Ward4-CumbernauldEast_n-lanarks17-004.csv,frozenset({'Stevie GRANT (Lab)'}),0.3,9,['Tom JOHNSTON (SNP)']
Ward4-CumbernauldEast_n-lanarks17-004.csv,frozenset({'Anne MCCROSSAN (Grn)'}),0.3,9,['Tom JOHNSTON (SNP)']
Ward4-CumbernauldEast_n-lanarks17-004.csv,frozenset({'Tom JOHNSTON (SNP)'}),0.3,9,['Claire BARCLAY (SNP)']
Ward4-CumbernauldEast_n-lanarks17-004.csv,frozenset({'David STARK (Con)'}),0.3,9,['Tom JOHNSTON (SNP)']
Ward4-CumbernauldEast_n-lanarks17-004.csv,frozenset({'Andy LOCKE (Soc)'}),0.3,9,['Tom JOHNSTON (SNP)']
Ward4-CumbernauldEast_n-lanarks17-004.csv,frozenset({'Paddy HOGG (SNP)'}),0.4,9,['Tom JOHNSTON (SNP)']
Ward4-CumbernauldEast_n-lanarks17-004.csv,frozenset({'Claire BARCLAY (SNP)'}),0.4,9,['Clone']
Ward4-CumbernauldEast_n-lanarks17-004.csv,frozenset({'Gillian FANNAN (Lab)'}),0.4,9,['Tom JOHNSTON (SNP)']
Ward4-CumbernauldEast_n-lanarks17-004.csv,frozenset({'Stevie GRANT (Lab)'}),0.4,9,['Tom JOHNSTON (SNP)']
Ward4-CumbernauldEast_n-lanarks17-004.csv,frozenset({'Anne MCCROSSAN (Grn)'}),0.4,9,['Tom JOHNSTON (SNP)']
Ward4-CumbernauldEast_n-lanarks17-004.csv,frozenset({'Tom JOHNSTON (SNP)'}),0.4,9,['Claire BARCLAY (SNP)']
Ward4-CumbernauldEast_n-lanarks17-004.csv,frozenset({'David STARK (Con)'}),0.4,9,['Tom JOHNSTON (SNP)']
Ward4-CumbernauldEast_n-lanarks17-004.csv,frozenset({'Andy LOCKE (Soc)'}),0.4,9,['Tom JOHNSTON (SNP)']
Ward4-CumbernauldEast_n-lanarks17-004.csv,frozenset({'Paddy HOGG (SNP)'}),0.5,9,['Tom JOHNSTON (SNP)']
Ward4-CumbernauldEast_n-lanarks17-004.csv,frozenset({'Claire BARCLAY (SNP)'}),0.5,9,['Tom JOHNSTON (SNP)']
Ward4-CumbernauldEast_n-lanarks17-004.csv,frozenset({'Gillian FANNAN (Lab)'}),0.5,9,['Tom JOHNSTON (SNP)']
Ward4-CumbernauldEast_n-lanarks17-004.csv,frozenset({'Stevie GRANT (Lab)'}),0.5,9,['Tom JOHNSTON (SNP)']
Ward4-CumbernauldEast_n-lanarks17-004.csv,frozenset({'Anne MCCROSSAN (Grn)'}),0.5,9,['Tom JOHNSTON (SNP)']
Ward4-CumbernauldEast_n-lanarks17-004.csv,frozenset({'Tom JOHNSTON (SNP)'}),0.5,9,['Claire BARCLAY (SNP)']
Ward4-CumbernauldEast_n-lanarks17-004.csv,frozenset({'David STARK (Con)'}),0.5,9,['Tom JOHNSTON (SNP)']
Ward4-CumbernauldEast_n-lanarks17-004.csv,frozenset({'Andy LOCKE (Soc)'}),0.5,9,['Tom JOHNSTON (SNP)']
Ward21NorthEast_glasgow17-021.csv,none,0,8,"['Maureen BURKE (Lab)', 'Ruairi KELLY (SNP)']"
Ward21NorthEast_glasgow17-021.csv,frozenset({'Mandy MORGAN (SNP)'}),0.0,9,"['Maureen BURKE (Lab)', 'Ruairi KELLY (SNP)']"
Ward21NorthEast_glasgow17-021.csv,frozenset({'Frances HOWELL (Con)'}),0.0,9,"['Maureen BURKE (Lab)', 'Ruairi KELLY (SNP)']"
Ward21NorthEast_glasgow17-021.csv,frozenset({'Jenny KIERNAN (Sol)'}),0.0,9,"['Maureen BURKE (Lab)', 'Ruairi KELLY (SNP)']"
Ward21NorthEast_glasgow17-021.csv,frozenset({'Ruairi KELLY (SNP)'}),0.0,9,['Maureen BURKE (Lab)']
Ward21NorthEast_glasgow17-021.csv,frozenset({'Gerry BOYLE (Ind)'}),0.0,9,"['Maureen BURKE (Lab)', 'Ruairi KELLY (SNP)']"
Ward21NorthEast_glasgow17-021.csv,frozenset({'Stephen DOCHERTY (Lab)'}),0.0,9,"['Maureen BURKE (Lab)', 'Ruairi KELLY (SNP)']"
Ward21NorthEast_glasgow17-021.csv,frozenset({'Maureen BURKE (Lab)'}),0.0,9,['Ruairi KELLY (SNP)']
Ward21NorthEast_glasgow17-021.csv,frozenset({'Carole URE (Grn)'}),0.0,9,"['Maureen BURKE (Lab)', 'Ruairi KELLY (SNP)']"
Ward21NorthEast_glasgow17-021.csv,frozenset({'Mandy MORGAN (SNP)'}),0.1,9,"['Maureen BURKE (Lab)', 'Ruairi KELLY (SNP)']"
Ward21NorthEast_glasgow17-021.csv,frozenset({'Frances HOWELL (Con)'}),0.1,9,"['Maureen BURKE (Lab)', 'Ruairi KELLY (SNP)']"
Ward21NorthEast_glasgow17-021.csv,frozenset({'Jenny KIERNAN (Sol)'}),0.1,9,"['Maureen BURKE (Lab)', 'Ruairi KELLY (SNP)']"
Ward21NorthEast_glasgow17-021.csv,frozenset({'Ruairi KELLY (SNP)'}),0.1,9,['Clone']
Ward21NorthEast_glasgow17-021.csv,frozenset({'Gerry BOYLE (Ind)'}),0.1,9,"['Maureen BURKE (Lab)', 'Ruairi KELLY (SNP)']"
Ward21NorthEast_glasgow17-021.csv,frozenset({'Stephen DOCHERTY (Lab)'}),0.1,9,"['Maureen BURKE (Lab)', 'Ruairi KELLY (SNP)']"
Ward21NorthEast_glasgow17-021.csv,frozenset({'Maureen BURKE (Lab)'}),0.1,9,['Ruairi KELLY (SNP)']
Ward21NorthEast_glasgow17-021.csv,frozenset({'Carole URE (Grn)'}),0.1,9,"['Maureen BURKE (Lab)', 'Ruairi KELLY (SNP)']"
Ward21NorthEast_glasgow17-021.csv,frozenset({'Mandy MORGAN (SNP)'}),0.2,9,"['Maureen BURKE (Lab)', 'Ruairi KELLY (SNP)']"
Ward21NorthEast_glasgow17-021.csv,frozenset({'Frances HOWELL (Con)'}),0.2,9,"['Maureen BURKE (Lab)', 'Ruairi KELLY (SNP)']"
Ward21NorthEast_glasgow17-021.csv,frozenset({'Jenny KIERNAN (Sol)'}),0.2,9,"['Maureen BURKE (Lab)', 'Ruairi KELLY (SNP)']"
Ward21NorthEast_glasgow17-021.csv,frozenset({'Ruairi KELLY (SNP)'}),0.2,9,['Clone']
Ward21NorthEast_glasgow17-021.csv,frozenset({'Gerry BOYLE (Ind)'}),0.2,9,"['Maureen BURKE (Lab)', 'Ruairi KELLY (SNP)']"
Ward21NorthEast_glasgow17-021.csv,frozenset({'Stephen DOCHERTY (Lab)'}),0.2,9,"['Maureen BURKE (Lab)', 'Ruairi KELLY (SNP)']"
Ward21NorthEast_glasgow17-021.csv,frozenset({'Maureen BURKE (Lab)'}),0.2,9,['Clone']
Ward21NorthEast_glasgow17-021.csv,frozenset({'Carole URE (Grn)'}),0.2,9,"['Maureen BURKE (Lab)', 'Ruairi KELLY (SNP)']"
Ward21NorthEast_glasgow17-021.csv,frozenset({'Mandy MORGAN (SNP)'}),0.3,9,"['Maureen BURKE (Lab)', 'Ruairi KELLY (SNP)']"
Ward21NorthEast_glasgow17-021.csv,frozenset({'Frances HOWELL (Con)'}),0.3,9,"['Maureen BURKE (Lab)', 'Ruairi KELLY (SNP)']"
Ward21NorthEast_glasgow17-021.csv,frozenset({'Jenny KIERNAN (Sol)'}),0.3,9,"['Maureen BURKE (Lab)', 'Ruairi KELLY (SNP)']"
Ward21NorthEast_glasgow17-021.csv,frozenset({'Ruairi KELLY (SNP)'}),0.3,9,['Clone']
Ward21NorthEast_glasgow17-021.csv,frozenset({'Gerry BOYLE (Ind)'}),0.3,9,"['Maureen BURKE (Lab)', 'Ruairi KELLY (SNP)']"
Ward21NorthEast_glasgow17-021.csv,frozenset({'Stephen DOCHERTY (Lab)'}),0.3,9,"['Maureen BURKE (Lab)', 'Ruairi KELLY (SNP)']"
Ward21NorthEast_glasgow17-021.csv,frozenset({'Maureen BURKE (Lab)'}),0.3,9,['Clone']
Ward21NorthEast_glasgow17-021.csv,frozenset({'Carole URE (Grn)'}),0.3,9,"['Maureen BURKE (Lab)', 'Ruairi KELLY (SNP)']"
Ward21NorthEast_glasgow17-021.csv,frozenset({'Mandy MORGAN (SNP)'}),0.4,9,"['Maureen BURKE (Lab)', 'Ruairi KELLY (SNP)']"
Ward21NorthEast_glasgow17-021.csv,frozenset({'Frances HOWELL (Con)'}),0.4,9,"['Maureen BURKE (Lab)', 'Ruairi KELLY (SNP)']"
Ward21NorthEast_glasgow17-021.csv,frozenset({'Jenny KIERNAN (Sol)'}),0.4,9,"['Maureen BURKE (Lab)', 'Ruairi KELLY (SNP)']"
Ward21NorthEast_glasgow17-021.csv,frozenset({'Ruairi KELLY (SNP)'}),0.4,9,['Ruairi KELLY (SNP)']
Ward21NorthEast_glasgow17-021.csv,frozenset({'Gerry BOYLE (Ind)'}),0.4,9,"['Maureen BURKE (Lab)', 'Ruairi KELLY (SNP)']"
Ward21NorthEast_glasgow17-021.csv,frozenset({'Stephen DOCHERTY (Lab)'}),0.4,9,"['Maureen BURKE (Lab)', 'Ruairi KELLY (SNP)']"
Ward21NorthEast_glasgow17-021.csv,frozenset({'Maureen BURKE (Lab)'}),0.4,9,['Maureen BURKE (Lab)']
Ward21NorthEast_glasgow17-021.csv,frozenset({'Carole URE (Grn)'}),0.4,9,"['Maureen BURKE (Lab)', 'Ruairi KELLY (SNP)']"
Ward21NorthEast_glasgow17-021.csv,frozenset({'Mandy MORGAN (SNP)'}),0.5,9,"['Maureen BURKE (Lab)', 'Ruairi KELLY (SNP)']"
Ward21NorthEast_glasgow17-021.csv,frozenset({'Frances HOWELL (Con)'}),0.5,9,"['Maureen BURKE (Lab)', 'Ruairi KELLY (SNP)']"
Ward21NorthEast_glasgow17-021.csv,frozenset({'Jenny KIERNAN (Sol)'}),0.5,9,"['Maureen BURKE (Lab)', 'Ruairi KELLY (SNP)']"
Ward21NorthEast_glasgow17-021.csv,frozenset({'Ruairi KELLY (SNP)'}),0.5,9,['Ruairi KELLY (SNP)']
Ward21NorthEast_glasgow17-021.csv,frozenset({'Gerry BOYLE (Ind)'}),0.5,9,"['Maureen BURKE (Lab)', 'Ruairi KELLY (SNP)']"
Ward21NorthEast_glasgow17-021.csv,frozenset({'Stephen DOCHERTY (Lab)'}),0.5,9,"['Maureen BURKE (Lab)', 'Ruairi KELLY (SNP)']"
Ward21NorthEast_glasgow17-021.csv,frozenset({'Maureen BURKE (Lab)'}),0.5,9,['Maureen BURKE (Lab)']
Ward21NorthEast_glasgow17-021.csv,frozenset({'Carole URE (Grn)'}),0.5,9,"['Maureen BURKE (Lab)', 'Ruairi KELLY (SNP)']"
Oakland_11082022_Schoolboarddistrict4.csv,none,0,3,['MIKE HUTCHINSON']
Oakland_11082022_Schoolboarddistrict4.csv,frozenset({'NICK RESNICK'}),0.0,4,['MIKE HUTCHINSON']
Oakland_11082022_Schoolboarddistrict4.csv,frozenset({'MIKE HUTCHINSON'}),0.0,4,['NICK RESNICK']
Oakland_11082022_Schoolboarddistrict4.csv,frozenset({'PECOLIA MANIGO'}),0.0,4,['MIKE HUTCHINSON']
Oakland_11082022_Schoolboarddistrict4.csv,frozenset({'NICK RESNICK'}),0.1,4,['MIKE HUTCHINSON']
Oakland_11082022_Schoolboarddistrict4.csv,frozenset({'MIKE HUTCHINSON'}),0.1,4,['NICK RESNICK']
Oakland_11082022_Schoolboarddistrict4.csv,frozenset({'PECOLIA MANIGO'}),0.1,4,['MIKE HUTCHINSON']
Oakland_11082022_Schoolboarddistrict4.csv,frozenset({'NICK RESNICK'}),0.2,4,['MIKE HUTCHINSON']
Oakland_11082022_Schoolboarddistrict4.csv,frozenset({'MIKE HUTCHINSON'}),0.2,4,['NICK RESNICK']
Oakland_11082022_Schoolboarddistrict4.csv,frozenset({'PECOLIA MANIGO'}),0.2,4,['MIKE HUTCHINSON']
Oakland_11082022_Schoolboarddistrict4.csv,frozenset({'NICK RESNICK'}),0.3,4,['MIKE HUTCHINSON']
Oakland_11082022_Schoolboarddistrict4.csv,frozenset({'MIKE HUTCHINSON'}),0.3,4,['NICK RESNICK']
Oakland_11082022_Schoolboarddistrict4.csv,frozenset({'PECOLIA MANIGO'}),0.3,4,['MIKE HUTCHINSON']
Oakland_11082022_Schoolboarddistrict4.csv,frozenset({'NICK RESNICK'}),0.4,4,['MIKE HUTCHINSON']
Oakland_11082022_Schoolboarddistrict4.csv,frozenset({'MIKE HUTCHINSON'}),0.4,4,['NICK RESNICK']
Oakland_11082022_Schoolboarddistrict4.csv,frozenset({'PECOLIA MANIGO'}),0.4,4,['MIKE HUTCHINSON']
Oakland_11082022_Schoolboarddistrict4.csv,frozenset({'NICK RESNICK'}),0.5,4,['MIKE HUTCHINSON']
Oakland_11082022_Schoolboarddistrict4.csv,frozenset({'MIKE HUTCHINSON'}),0.5,4,['NICK RESNICK']
Oakland_11082022_Schoolboarddistrict4.csv,frozenset({'PECOLIA MANIGO'}),0.5,4,['MIKE HUTCHINSON']
AnnandaleNorthWard_dumgal12-12.csv,none,0,7,['(Con) Gail MACGREGOR']
AnnandaleNorthWard_dumgal12-12.csv,frozenset({'(Con) Roger GRANT'}),0.0,8,['(Con) Gail MACGREGOR']
AnnandaleNorthWard_dumgal12-12.csv,frozenset({'(Lab) Ted BROWN'}),0.0,8,['(Con) Gail MACGREGOR']
AnnandaleNorthWard_dumgal12-12.csv,frozenset({'(Con) Peter DIGGLE'}),0.0,8,['(Con) Gail MACGREGOR']
AnnandaleNorthWard_dumgal12-12.csv,frozenset({'(LD) Hugh YOUNG'}),0.0,8,['(Con) Gail MACGREGOR']
AnnandaleNorthWard_dumgal12-12.csv,frozenset({'(Con) Gail MACGREGOR'}),0.0,8,['(Con) Peter DIGGLE']
AnnandaleNorthWard_dumgal12-12.csv,frozenset({'(SNP) Stephen THOMPSON'}),0.0,8,['(Con) Gail MACGREGOR']
AnnandaleNorthWard_dumgal12-12.csv,frozenset({'(Grn) Alis BALLANCE'}),0.0,8,['(Con) Gail MACGREGOR']
AnnandaleNorthWard_dumgal12-12.csv,frozenset({'(Con) Roger GRANT'}),0.1,8,['(Con) Gail MACGREGOR']
AnnandaleNorthWard_dumgal12-12.csv,frozenset({'(Lab) Ted BROWN'}),0.1,8,['(Con) Gail MACGREGOR']
AnnandaleNorthWard_dumgal12-12.csv,frozenset({'(Con) Peter DIGGLE'}),0.1,8,['(Con) Gail MACGREGOR']
AnnandaleNorthWard_dumgal12-12.csv,frozenset({'(LD) Hugh YOUNG'}),0.1,8,['(Con) Gail MACGREGOR']
AnnandaleNorthWard_dumgal12-12.csv,frozenset({'(Con) Gail MACGREGOR'}),0.1,8,['(Con) Peter DIGGLE']
AnnandaleNorthWard_dumgal12-12.csv,frozenset({'(SNP) Stephen THOMPSON'}),0.1,8,['(Con) Gail MACGREGOR']
AnnandaleNorthWard_dumgal12-12.csv,frozenset({'(Grn) Alis BALLANCE'}),0.1,8,['(Con) Gail MACGREGOR']
AnnandaleNorthWard_dumgal12-12.csv,frozenset({'(Con) Roger GRANT'}),0.2,8,['(Con) Gail MACGREGOR']
AnnandaleNorthWard_dumgal12-12.csv,frozenset({'(Lab) Ted BROWN'}),0.2,8,['(Con) Gail MACGREGOR']
AnnandaleNorthWard_dumgal12-12.csv,frozenset({'(Con) Peter DIGGLE'}),0.2,8,['(Con) Gail MACGREGOR']
AnnandaleNorthWard_dumgal12-12.csv,frozenset({'(LD) Hugh YOUNG'}),0.2,8,['(Con) Gail MACGREGOR']
AnnandaleNorthWard_dumgal12-12.csv,frozenset({'(Con) Gail MACGREGOR'}),0.2,8,['(Con) Peter DIGGLE']
AnnandaleNorthWard_dumgal12-12.csv,frozenset({'(SNP) Stephen THOMPSON'}),0.2,8,['(Con) Gail MACGREGOR']
AnnandaleNorthWard_dumgal12-12.csv,frozenset({'(Grn) Alis BALLANCE'}),0.2,8,['(Con) Gail MACGREGOR']
AnnandaleNorthWard_dumgal12-12.csv,frozenset({'(Con) Roger GRANT'}),0.3,8,['(Con) Gail MACGREGOR']
AnnandaleNorthWard_dumgal12-12.csv,frozenset({'(Lab) Ted BROWN'}),0.3,8,['(Con) Gail MACGREGOR']
AnnandaleNorthWard_dumgal12-12.csv,frozenset({'(Con) Peter DIGGLE'}),0.3,8,['(Con) Gail MACGREGOR']
AnnandaleNorthWard_dumgal12-12.csv,frozenset({'(LD) Hugh YOUNG'}),0.3,8,['(Con) Gail MACGREGOR']
AnnandaleNorthWard_dumgal12-12.csv,frozenset({'(Con) Gail MACGREGOR'}),0.3,8,['Clone']
AnnandaleNorthWard_dumgal12-12.csv,frozenset({'(SNP) Stephen THOMPSON'}),0.3,8,['(Con) Gail MACGREGOR']
AnnandaleNorthWard_dumgal12-12.csv,frozenset({'(Grn) Alis BALLANCE'}),0.3,8,['(Con) Gail MACGREGOR']
AnnandaleNorthWard_dumgal12-12.csv,frozenset({'(Con) Roger GRANT'}),0.4,8,['(Con) Gail MACGREGOR']
AnnandaleNorthWard_dumgal12-12.csv,frozenset({'(Lab) Ted BROWN'}),0.4,8,['(Con) Gail MACGREGOR']
AnnandaleNorthWard_dumgal12-12.csv,frozenset({'(Con) Peter DIGGLE'}),0.4,8,['(Con) Gail MACGREGOR']
AnnandaleNorthWard_dumgal12-12.csv,frozenset({'(LD) Hugh YOUNG'}),0.4,8,['(Con) Gail MACGREGOR']
AnnandaleNorthWard_dumgal12-12.csv,frozenset({'(Con) Gail MACGREGOR'}),0.4,8,['(Con) Peter DIGGLE']
AnnandaleNorthWard_dumgal12-12.csv,frozenset({'(SNP) Stephen THOMPSON'}),0.4,8,['(Con) Gail MACGREGOR']
AnnandaleNorthWard_dumgal12-12.csv,frozenset({'(Grn) Alis BALLANCE'}),0.4,8,['(Con) Gail MACGREGOR']
AnnandaleNorthWard_dumgal12-12.csv,frozenset({'(Con) Roger GRANT'}),0.5,8,['(Con) Gail MACGREGOR']
AnnandaleNorthWard_dumgal12-12.csv,frozenset({'(Lab) Ted BROWN'}),0.5,8,['(Con) Gail MACGREGOR']
AnnandaleNorthWard_dumgal12-12.csv,frozenset({'(Con) Peter DIGGLE'}),0.5,8,['(Con) Gail MACGREGOR']
AnnandaleNorthWard_dumgal12-12.csv,frozenset({'(LD) Hugh YOUNG'}),0.5,8,['(Con) Gail MACGREGOR']
AnnandaleNorthWard_dumgal12-12.csv,frozenset({'(Con) Gail MACGREGOR'}),0.5,8,['(Con) Peter DIGGLE']
AnnandaleNorthWard_dumgal12-12.csv,frozenset({'(SNP) Stephen THOMPSON'}),0.5,8,['(Con) Gail MACGREGOR']
AnnandaleNorthWard_dumgal12-12.csv,frozenset({'(Grn) Alis BALLANCE'}),0.5,8,['(Con) Gail MACGREGOR']
Ward3-ForfarandDistrict_ward3.csv,none,0,8,['Lynne DEVINE (SNP)']
Ward3-ForfarandDistrict_ward3.csv,frozenset({'Linda CLARK (SNP)'}),0.0,9,['Lynne DEVINE (SNP)']
Ward3-ForfarandDistrict_ward3.csv,frozenset({'Ian MCLAREN (Ind)'}),0.0,9,['Lynne DEVINE (SNP)']
Ward3-ForfarandDistrict_ward3.csv,frozenset({'Samuel David STRUTH (LD)'}),0.0,9,['Lynne DEVINE (SNP)']
Ward3-ForfarandDistrict_ward3.csv,frozenset({'Marley HUNTER (Grn)'}),0.0,9,['Lynne DEVINE (SNP)']
Ward3-ForfarandDistrict_ward3.csv,frozenset({'Ed MCADAM (Lab)'}),0.0,9,['Lynne DEVINE (SNP)']
Ward3-ForfarandDistrict_ward3.csv,frozenset({'Lynne DEVINE (SNP)'}),0.0,9,['Lynne DEVINE (SNP)']
Ward3-ForfarandDistrict_ward3.csv,frozenset({'Colin BROWN (Ind)'}),0.0,9,['Lynne DEVINE (SNP)']
Ward3-ForfarandDistrict_ward3.csv,frozenset({'Ross GREIG (Con)'}),0.0,9,['Lynne DEVINE (SNP)']
Ward3-ForfarandDistrict_ward3.csv,frozenset({'Linda CLARK (SNP)'}),0.1,9,['Lynne DEVINE (SNP)']
Ward3-ForfarandDistrict_ward3.csv,frozenset({'Ian MCLAREN (Ind)'}),0.1,9,['Lynne DEVINE (SNP)']
Ward3-ForfarandDistrict_ward3.csv,frozenset({'Samuel David STRUTH (LD)'}),0.1,9,['Lynne DEVINE (SNP)']
Ward3-ForfarandDistrict_ward3.csv,frozenset({'Marley HUNTER (Grn)'}),0.1,9,['Lynne DEVINE (SNP)']
Ward3-ForfarandDistrict_ward3.csv,frozenset({'Ed MCADAM (Lab)'}),0.1,9,['Lynne DEVINE (SNP)']
Ward3-ForfarandDistrict_ward3.csv,frozenset({'Lynne DEVINE (SNP)'}),0.1,9,['Lynne DEVINE (SNP)']
Ward3-ForfarandDistrict_ward3.csv,frozenset({'Colin BROWN (Ind)'}),0.1,9,['Lynne DEVINE (SNP)']
Ward3-ForfarandDistrict_ward3.csv,frozenset({'Ross GREIG (Con)'}),0.1,9,['Lynne DEVINE (SNP)']
Ward3-ForfarandDistrict_ward3.csv,frozenset({'Linda CLARK (SNP)'}),0.2,9,['Lynne DEVINE (SNP)']
Ward3-ForfarandDistrict_ward3.csv,frozenset({'Ian MCLAREN (Ind)'}),0.2,9,['Lynne DEVINE (SNP)']
Ward3-ForfarandDistrict_ward3.csv,frozenset({'Samuel David STRUTH (LD)'}),0.2,9,['Lynne DEVINE (SNP)']
Ward3-ForfarandDistrict_ward3.csv,frozenset({'Marley HUNTER (Grn)'}),0.2,9,['Lynne DEVINE (SNP)']
Ward3-ForfarandDistrict_ward3.csv,frozenset({'Ed MCADAM (Lab)'}),0.2,9,['Lynne DEVINE (SNP)']
Ward3-ForfarandDistrict_ward3.csv,frozenset({'Lynne DEVINE (SNP)'}),0.2,9,['Clone']
Ward3-ForfarandDistrict_ward3.csv,frozenset({'Colin BROWN (Ind)'}),0.2,9,['Lynne DEVINE (SNP)']
Ward3-ForfarandDistrict_ward3.csv,frozenset({'Ross GREIG (Con)'}),0.2,9,['Lynne DEVINE (SNP)']
Ward3-ForfarandDistrict_ward3.csv,frozenset({'Linda CLARK (SNP)'}),0.3,9,['Lynne DEVINE (SNP)']
Ward3-ForfarandDistrict_ward3.csv,frozenset({'Ian MCLAREN (Ind)'}),0.3,9,['Lynne DEVINE (SNP)']
Ward3-ForfarandDistrict_ward3.csv,frozenset({'Samuel David STRUTH (LD)'}),0.3,9,['Lynne DEVINE (SNP)']
Ward3-ForfarandDistrict_ward3.csv,frozenset({'Marley HUNTER (Grn)'}),0.3,9,['Lynne DEVINE (SNP)']
Ward3-ForfarandDistrict_ward3.csv,frozenset({'Ed MCADAM (Lab)'}),0.3,9,['Lynne DEVINE (SNP)']
Ward3-ForfarandDistrict_ward3.csv,frozenset({'Lynne DEVINE (SNP)'}),0.3,9,['Clone']
Ward3-ForfarandDistrict_ward3.csv,frozenset({'Colin BROWN (Ind)'}),0.3,9,['Lynne DEVINE (SNP)']
Ward3-ForfarandDistrict_ward3.csv,frozenset({'Ross GREIG (Con)'}),0.3,9,['Lynne DEVINE (SNP)']
Ward3-ForfarandDistrict_ward3.csv,frozenset({'Linda CLARK (SNP)'}),0.4,9,['Lynne DEVINE (SNP)']
Ward3-ForfarandDistrict_ward3.csv,frozenset({'Ian MCLAREN (Ind)'}),0.4,9,['Lynne DEVINE (SNP)']
Ward3-ForfarandDistrict_ward3.csv,frozenset({'Samuel David STRUTH (LD)'}),0.4,9,['Lynne DEVINE (SNP)']
Ward3-ForfarandDistrict_ward3.csv,frozenset({'Marley HUNTER (Grn)'}),0.4,9,['Lynne DEVINE (SNP)']
Ward3-ForfarandDistrict_ward3.csv,frozenset({'Ed MCADAM (Lab)'}),0.4,9,['Lynne DEVINE (SNP)']
Ward3-ForfarandDistrict_ward3.csv,frozenset({'Lynne DEVINE (SNP)'}),0.4,9,['Lynne DEVINE (SNP)']
Ward3-ForfarandDistrict_ward3.csv,frozenset({'Colin BROWN (Ind)'}),0.4,9,['Lynne DEVINE (SNP)']
Ward3-ForfarandDistrict_ward3.csv,frozenset({'Ross GREIG (Con)'}),0.4,9,['Lynne DEVINE (SNP)']
Ward3-ForfarandDistrict_ward3.csv,frozenset({'Linda CLARK (SNP)'}),0.5,9,['Lynne DEVINE (SNP)']
Ward3-ForfarandDistrict_ward3.csv,frozenset({'Ian MCLAREN (Ind)'}),0.5,9,['Lynne DEVINE (SNP)']
Ward3-ForfarandDistrict_ward3.csv,frozenset({'Samuel David STRUTH (LD)'}),0.5,9,['Lynne DEVINE (SNP)']
Ward3-ForfarandDistrict_ward3.csv,frozenset({'Marley HUNTER (Grn)'}),0.5,9,['Lynne DEVINE (SNP)']
Ward3-ForfarandDistrict_ward3.csv,frozenset({'Ed MCADAM (Lab)'}),0.5,9,['Lynne DEVINE (SNP)']
Ward3-ForfarandDistrict_ward3.csv,frozenset({'Lynne DEVINE (SNP)'}),0.5,9,['Lynne DEVINE (SNP)']
Ward3-ForfarandDistrict_ward3.csv,frozenset({'Colin BROWN (Ind)'}),0.5,9,['Lynne DEVINE (SNP)']
Ward3-ForfarandDistrict_ward3.csv,frozenset({'Ross GREIG (Con)'}),0.5,9,['Lynne DEVINE (SNP)']
Ward03-Kilwinning_n-ayrshire12-03.csv,none,0,11,"['John FERGUSON (SNP)', 'Joe CULLINANE (Lab)']"
Ward03-Kilwinning_n-ayrshire12-03.csv,frozenset({'Philip HOGG (Ind)'}),0.0,12,"['John FERGUSON (SNP)', 'Joe CULLINANE (Lab)']"
Ward03-Kilwinning_n-ayrshire12-03.csv,frozenset({'Colin HEDLEY (Ind)'}),0.0,12,"['John FERGUSON (SNP)', 'Joe CULLINANE (Lab)']"
Ward03-Kilwinning_n-ayrshire12-03.csv,frozenset({'Joe CULLINANE (Lab)'}),0.0,12,['John FERGUSON (SNP)']
Ward03-Kilwinning_n-ayrshire12-03.csv,frozenset({'Donald REID (Lab)'}),0.0,12,"['John FERGUSON (SNP)', 'Joe CULLINANE (Lab)']"
Ward03-Kilwinning_n-ayrshire12-03.csv,frozenset({'Scott GALLACHER (Con)'}),0.0,12,"['John FERGUSON (SNP)', 'Joe CULLINANE (Lab)']"
Ward03-Kilwinning_n-ayrshire12-03.csv,frozenset({'Stuart GARDINER (LD)'}),0.0,12,"['John FERGUSON (SNP)', 'Joe CULLINANE (Lab)']"
Ward03-Kilwinning_n-ayrshire12-03.csv,frozenset({'Robert STEEL (Ind)'}),0.0,12,"['John FERGUSON (SNP)', 'Joe CULLINANE (Lab)']"
Ward03-Kilwinning_n-ayrshire12-03.csv,frozenset({'Helen HAINEY (Lab)'}),0.0,12,"['John FERGUSON (SNP)', 'Joe CULLINANE (Lab)']"
Ward03-Kilwinning_n-ayrshire12-03.csv,frozenset({'Andy JONES (Lab)'}),0.0,12,"['John FERGUSON (SNP)', 'Joe CULLINANE (Lab)']"
Ward03-Kilwinning_n-ayrshire12-03.csv,frozenset({'Iain WALKER (SNP)'}),0.0,12,"['John FERGUSON (SNP)', 'Joe CULLINANE (Lab)']"
Ward03-Kilwinning_n-ayrshire12-03.csv,frozenset({'John FERGUSON (SNP)'}),0.0,12,['Joe CULLINANE (Lab)']
Ward03-Kilwinning_n-ayrshire12-03.csv,frozenset({'Philip HOGG (Ind)'}),0.1,12,"['John FERGUSON (SNP)', 'Joe CULLINANE (Lab)']"
Ward03-Kilwinning_n-ayrshire12-03.csv,frozenset({'Colin HEDLEY (Ind)'}),0.1,12,"['John FERGUSON (SNP)', 'Joe CULLINANE (Lab)']"
Ward03-Kilwinning_n-ayrshire12-03.csv,frozenset({'Joe CULLINANE (Lab)'}),0.1,12,['Clone']
Ward03-Kilwinning_n-ayrshire12-03.csv,frozenset({'Donald REID (Lab)'}),0.1,12,"['John FERGUSON (SNP)', 'Joe CULLINANE (Lab)']"
Ward03-Kilwinning_n-ayrshire12-03.csv,frozenset({'Scott GALLACHER (Con)'}),0.1,12,"['John FERGUSON (SNP)', 'Joe CULLINANE (Lab)']"
Ward03-Kilwinning_n-ayrshire12-03.csv,frozenset({'Stuart GARDINER (LD)'}),0.1,12,"['John FERGUSON (SNP)', 'Joe CULLINANE (Lab)']"
Ward03-Kilwinning_n-ayrshire12-03.csv,frozenset({'Robert STEEL (Ind)'}),0.1,12,"['John FERGUSON (SNP)', 'Joe CULLINANE (Lab)']"
Ward03-Kilwinning_n-ayrshire12-03.csv,frozenset({'Helen HAINEY (Lab)'}),0.1,12,"['John FERGUSON (SNP)', 'Joe CULLINANE (Lab)']"
Ward03-Kilwinning_n-ayrshire12-03.csv,frozenset({'Andy JONES (Lab)'}),0.1,12,"['John FERGUSON (SNP)', 'Joe CULLINANE (Lab)']"
Ward03-Kilwinning_n-ayrshire12-03.csv,frozenset({'Iain WALKER (SNP)'}),0.1,12,"['John FERGUSON (SNP)', 'Joe CULLINANE (Lab)']"
Ward03-Kilwinning_n-ayrshire12-03.csv,frozenset({'John FERGUSON (SNP)'}),0.1,12,['Clone']
Ward03-Kilwinning_n-ayrshire12-03.csv,frozenset({'Philip HOGG (Ind)'}),0.2,12,"['John FERGUSON (SNP)', 'Joe CULLINANE (Lab)']"
Ward03-Kilwinning_n-ayrshire12-03.csv,frozenset({'Colin HEDLEY (Ind)'}),0.2,12,"['John FERGUSON (SNP)', 'Joe CULLINANE (Lab)']"
Ward03-Kilwinning_n-ayrshire12-03.csv,frozenset({'Joe CULLINANE (Lab)'}),0.2,12,['Clone']
Ward03-Kilwinning_n-ayrshire12-03.csv,frozenset({'Donald REID (Lab)'}),0.2,12,"['John FERGUSON (SNP)', 'Joe CULLINANE (Lab)']"
Ward03-Kilwinning_n-ayrshire12-03.csv,frozenset({'Scott GALLACHER (Con)'}),0.2,12,"['John FERGUSON (SNP)', 'Joe CULLINANE (Lab)']"
Ward03-Kilwinning_n-ayrshire12-03.csv,frozenset({'Stuart GARDINER (LD)'}),0.2,12,"['John FERGUSON (SNP)', 'Joe CULLINANE (Lab)']"
Ward03-Kilwinning_n-ayrshire12-03.csv,frozenset({'Robert STEEL (Ind)'}),0.2,12,"['John FERGUSON (SNP)', 'Joe CULLINANE (Lab)']"
Ward03-Kilwinning_n-ayrshire12-03.csv,frozenset({'Helen HAINEY (Lab)'}),0.2,12,"['John FERGUSON (SNP)', 'Joe CULLINANE (Lab)']"
Ward03-Kilwinning_n-ayrshire12-03.csv,frozenset({'Andy JONES (Lab)'}),0.2,12,"['John FERGUSON (SNP)', 'Joe CULLINANE (Lab)']"
Ward03-Kilwinning_n-ayrshire12-03.csv,frozenset({'Iain WALKER (SNP)'}),0.2,12,"['John FERGUSON (SNP)', 'Joe CULLINANE (Lab)']"
Ward03-Kilwinning_n-ayrshire12-03.csv,frozenset({'John FERGUSON (SNP)'}),0.2,12,['Clone']
Ward03-Kilwinning_n-ayrshire12-03.csv,frozenset({'Philip HOGG (Ind)'}),0.3,12,"['John FERGUSON (SNP)', 'Joe CULLINANE (Lab)']"
Ward03-Kilwinning_n-ayrshire12-03.csv,frozenset({'Colin HEDLEY (Ind)'}),0.3,12,"['John FERGUSON (SNP)', 'Joe CULLINANE (Lab)']"
Ward03-Kilwinning_n-ayrshire12-03.csv,frozenset({'Joe CULLINANE (Lab)'}),0.3,12,['Joe CULLINANE (Lab)']
Ward03-Kilwinning_n-ayrshire12-03.csv,frozenset({'Donald REID (Lab)'}),0.3,12,"['John FERGUSON (SNP)', 'Joe CULLINANE (Lab)']"
Ward03-Kilwinning_n-ayrshire12-03.csv,frozenset({'Scott GALLACHER (Con)'}),0.3,12,"['John FERGUSON (SNP)', 'Joe CULLINANE (Lab)']"
Ward03-Kilwinning_n-ayrshire12-03.csv,frozenset({'Stuart GARDINER (LD)'}),0.3,12,"['John FERGUSON (SNP)', 'Joe CULLINANE (Lab)']"
Ward03-Kilwinning_n-ayrshire12-03.csv,frozenset({'Robert STEEL (Ind)'}),0.3,12,"['John FERGUSON (SNP)', 'Joe CULLINANE (Lab)']"
Ward03-Kilwinning_n-ayrshire12-03.csv,frozenset({'Helen HAINEY (Lab)'}),0.3,12,"['John FERGUSON (SNP)', 'Joe CULLINANE (Lab)']"
Ward03-Kilwinning_n-ayrshire12-03.csv,frozenset({'Andy JONES (Lab)'}),0.3,12,"['John FERGUSON (SNP)', 'Joe CULLINANE (Lab)']"
Ward03-Kilwinning_n-ayrshire12-03.csv,frozenset({'Iain WALKER (SNP)'}),0.3,12,"['John FERGUSON (SNP)', 'Joe CULLINANE (Lab)']"
Ward03-Kilwinning_n-ayrshire12-03.csv,frozenset({'John FERGUSON (SNP)'}),0.3,12,['John FERGUSON (SNP)']
Ward03-Kilwinning_n-ayrshire12-03.csv,frozenset({'Philip HOGG (Ind)'}),0.4,12,"['John FERGUSON (SNP)', 'Joe CULLINANE (Lab)']"
Ward03-Kilwinning_n-ayrshire12-03.csv,frozenset({'Colin HEDLEY (Ind)'}),0.4,12,"['John FERGUSON (SNP)', 'Joe CULLINANE (Lab)']"
Ward03-Kilwinning_n-ayrshire12-03.csv,frozenset({'Joe CULLINANE (Lab)'}),0.4,12,['Joe CULLINANE (Lab)']
Ward03-Kilwinning_n-ayrshire12-03.csv,frozenset({'Donald REID (Lab)'}),0.4,12,"['John FERGUSON (SNP)', 'Joe CULLINANE (Lab)']"
Ward03-Kilwinning_n-ayrshire12-03.csv,frozenset({'Scott GALLACHER (Con)'}),0.4,12,"['John FERGUSON (SNP)', 'Joe CULLINANE (Lab)']"
Ward03-Kilwinning_n-ayrshire12-03.csv,frozenset({'Stuart GARDINER (LD)'}),0.4,12,"['John FERGUSON (SNP)', 'Joe CULLINANE (Lab)']"
Ward03-Kilwinning_n-ayrshire12-03.csv,frozenset({'Robert STEEL (Ind)'}),0.4,12,"['John FERGUSON (SNP)', 'Joe CULLINANE (Lab)']"
Ward03-Kilwinning_n-ayrshire12-03.csv,frozenset({'Helen HAINEY (Lab)'}),0.4,12,"['John FERGUSON (SNP)', 'Joe CULLINANE (Lab)']"
Ward03-Kilwinning_n-ayrshire12-03.csv,frozenset({'Andy JONES (Lab)'}),0.4,12,"['John FERGUSON (SNP)', 'Joe CULLINANE (Lab)']"
Ward03-Kilwinning_n-ayrshire12-03.csv,frozenset({'Iain WALKER (SNP)'}),0.4,12,"['John FERGUSON (SNP)', 'Joe CULLINANE (Lab)']"
Ward03-Kilwinning_n-ayrshire12-03.csv,frozenset({'John FERGUSON (SNP)'}),0.4,12,['John FERGUSON (SNP)']
Ward03-Kilwinning_n-ayrshire12-03.csv,frozenset({'Philip HOGG (Ind)'}),0.5,12,"['John FERGUSON (SNP)', 'Joe CULLINANE (Lab)']"
Ward03-Kilwinning_n-ayrshire12-03.csv,frozenset({'Colin HEDLEY (Ind)'}),0.5,12,"['John FERGUSON (SNP)', 'Joe CULLINANE (Lab)']"
Ward03-Kilwinning_n-ayrshire12-03.csv,frozenset({'Joe CULLINANE (Lab)'}),0.5,12,['Joe CULLINANE (Lab)']
Ward03-Kilwinning_n-ayrshire12-03.csv,frozenset({'Donald REID (Lab)'}),0.5,12,"['John FERGUSON (SNP)', 'Joe CULLINANE (Lab)']"
Ward03-Kilwinning_n-ayrshire12-03.csv,frozenset({'Scott GALLACHER (Con)'}),0.5,12,"['John FERGUSON (SNP)', 'Joe CULLINANE (Lab)']"
Ward03-Kilwinning_n-ayrshire12-03.csv,frozenset({'Stuart GARDINER (LD)'}),0.5,12,"['John FERGUSON (SNP)', 'Joe CULLINANE (Lab)']"
Ward03-Kilwinning_n-ayrshire12-03.csv,frozenset({'Robert STEEL (Ind)'}),0.5,12,"['John FERGUSON (SNP)', 'Joe CULLINANE (Lab)']"
Ward03-Kilwinning_n-ayrshire12-03.csv,frozenset({'Helen HAINEY (Lab)'}),0.5,12,"['John FERGUSON (SNP)', 'Joe CULLINANE (Lab)']"
Ward03-Kilwinning_n-ayrshire12-03.csv,frozenset({'Andy JONES (Lab)'}),0.5,12,"['John FERGUSON (SNP)', 'Joe CULLINANE (Lab)']"
Ward03-Kilwinning_n-ayrshire12-03.csv,frozenset({'Iain WALKER (SNP)'}),0.5,12,"['John FERGUSON (SNP)', 'Joe CULLINANE (Lab)']"
Ward03-Kilwinning_n-ayrshire12-03.csv,frozenset({'John FERGUSON (SNP)'}),0.5,12,['John FERGUSON (SNP)']
JedburghandDistrictWard_sc-borders12-09.csv,none,0,7,"['Len WYSE (Con)', 'Rory STEWART (Ind)']"
JedburghandDistrictWard_sc-borders12-09.csv,frozenset({'Len WYSE (Con)'}),0.0,8,['Rory STEWART (Ind)']
JedburghandDistrictWard_sc-borders12-09.csv,frozenset({'John BATHGATE (LD)'}),0.0,8,"['Len WYSE (Con)', 'Rory STEWART (Ind)']"
JedburghandDistrictWard_sc-borders12-09.csv,frozenset({'Sandy SCOTT (Con)'}),0.0,8,['Rory STEWART (Ind)']
JedburghandDistrictWard_sc-borders12-09.csv,frozenset({'David Robert Scott SHARP (Lab)'}),0.0,8,"['Len WYSE (Con)', 'Rory STEWART (Ind)']"
JedburghandDistrictWard_sc-borders12-09.csv,frozenset({'Trevor JACKSON (Scottish Borders)'}),0.0,8,"['Len WYSE (Con)', 'Rory STEWART (Ind)']"
JedburghandDistrictWard_sc-borders12-09.csv,frozenset({'Rory STEWART (Ind)'}),0.0,8,['Len WYSE (Con)']
JedburghandDistrictWard_sc-borders12-09.csv,frozenset({'Jim BROWN (SNP)'}),0.0,8,['Len WYSE (Con)']
JedburghandDistrictWard_sc-borders12-09.csv,frozenset({'Len WYSE (Con)'}),0.1,8,['Rory STEWART (Ind)']
JedburghandDistrictWard_sc-borders12-09.csv,frozenset({'John BATHGATE (LD)'}),0.1,8,"['Len WYSE (Con)', 'Rory STEWART (Ind)']"
JedburghandDistrictWard_sc-borders12-09.csv,frozenset({'Sandy SCOTT (Con)'}),0.1,8,['Rory STEWART (Ind)']
JedburghandDistrictWard_sc-borders12-09.csv,frozenset({'David Robert Scott SHARP (Lab)'}),0.1,8,"['Len WYSE (Con)', 'Rory STEWART (Ind)']"
JedburghandDistrictWard_sc-borders12-09.csv,frozenset({'Trevor JACKSON (Scottish Borders)'}),0.1,8,"['Len WYSE (Con)', 'Rory STEWART (Ind)']"
JedburghandDistrictWard_sc-borders12-09.csv,frozenset({'Rory STEWART (Ind)'}),0.1,8,['Len WYSE (Con)']
JedburghandDistrictWard_sc-borders12-09.csv,frozenset({'Jim BROWN (SNP)'}),0.1,8,['Len WYSE (Con)']
JedburghandDistrictWard_sc-borders12-09.csv,frozenset({'Len WYSE (Con)'}),0.2,8,['Rory STEWART (Ind)']
JedburghandDistrictWard_sc-borders12-09.csv,frozenset({'John BATHGATE (LD)'}),0.2,8,"['Len WYSE (Con)', 'Rory STEWART (Ind)']"
JedburghandDistrictWard_sc-borders12-09.csv,frozenset({'Sandy SCOTT (Con)'}),0.2,8,['Rory STEWART (Ind)']
JedburghandDistrictWard_sc-borders12-09.csv,frozenset({'David Robert Scott SHARP (Lab)'}),0.2,8,"['Len WYSE (Con)', 'Rory STEWART (Ind)']"
JedburghandDistrictWard_sc-borders12-09.csv,frozenset({'Trevor JACKSON (Scottish Borders)'}),0.2,8,"['Len WYSE (Con)', 'Rory STEWART (Ind)']"
JedburghandDistrictWard_sc-borders12-09.csv,frozenset({'Rory STEWART (Ind)'}),0.2,8,['Len WYSE (Con)']
JedburghandDistrictWard_sc-borders12-09.csv,frozenset({'Jim BROWN (SNP)'}),0.2,8,['Len WYSE (Con)']
JedburghandDistrictWard_sc-borders12-09.csv,frozenset({'Len WYSE (Con)'}),0.3,8,['Rory STEWART (Ind)']
JedburghandDistrictWard_sc-borders12-09.csv,frozenset({'John BATHGATE (LD)'}),0.3,8,"['Len WYSE (Con)', 'Rory STEWART (Ind)']"
JedburghandDistrictWard_sc-borders12-09.csv,frozenset({'Sandy SCOTT (Con)'}),0.3,8,['Rory STEWART (Ind)']
JedburghandDistrictWard_sc-borders12-09.csv,frozenset({'David Robert Scott SHARP (Lab)'}),0.3,8,"['Len WYSE (Con)', 'Rory STEWART (Ind)']"
JedburghandDistrictWard_sc-borders12-09.csv,frozenset({'Trevor JACKSON (Scottish Borders)'}),0.3,8,"['Len WYSE (Con)', 'Rory STEWART (Ind)']"
JedburghandDistrictWard_sc-borders12-09.csv,frozenset({'Rory STEWART (Ind)'}),0.3,8,['Len WYSE (Con)']
JedburghandDistrictWard_sc-borders12-09.csv,frozenset({'Jim BROWN (SNP)'}),0.3,8,['Jim BROWN (SNP)']
JedburghandDistrictWard_sc-borders12-09.csv,frozenset({'Len WYSE (Con)'}),0.4,8,['Rory STEWART (Ind)']
JedburghandDistrictWard_sc-borders12-09.csv,frozenset({'John BATHGATE (LD)'}),0.4,8,"['Len WYSE (Con)', 'Rory STEWART (Ind)']"
JedburghandDistrictWard_sc-borders12-09.csv,frozenset({'Sandy SCOTT (Con)'}),0.4,8,['Rory STEWART (Ind)']
JedburghandDistrictWard_sc-borders12-09.csv,frozenset({'David Robert Scott SHARP (Lab)'}),0.4,8,"['Len WYSE (Con)', 'Rory STEWART (Ind)']"
JedburghandDistrictWard_sc-borders12-09.csv,frozenset({'Trevor JACKSON (Scottish Borders)'}),0.4,8,"['Len WYSE (Con)', 'Rory STEWART (Ind)']"
JedburghandDistrictWard_sc-borders12-09.csv,frozenset({'Rory STEWART (Ind)'}),0.4,8,['Len WYSE (Con)']
JedburghandDistrictWard_sc-borders12-09.csv,frozenset({'Jim BROWN (SNP)'}),0.4,8,['Jim BROWN (SNP)']
JedburghandDistrictWard_sc-borders12-09.csv,frozenset({'Len WYSE (Con)'}),0.5,8,['Rory STEWART (Ind)']
JedburghandDistrictWard_sc-borders12-09.csv,frozenset({'John BATHGATE (LD)'}),0.5,8,"['Len WYSE (Con)', 'Rory STEWART (Ind)']"
JedburghandDistrictWard_sc-borders12-09.csv,frozenset({'Sandy SCOTT (Con)'}),0.5,8,['Rory STEWART (Ind)']
JedburghandDistrictWard_sc-borders12-09.csv,frozenset({'David Robert Scott SHARP (Lab)'}),0.5,8,"['Len WYSE (Con)', 'Rory STEWART (Ind)']"
JedburghandDistrictWard_sc-borders12-09.csv,frozenset({'Trevor JACKSON (Scottish Borders)'}),0.5,8,"['Len WYSE (Con)', 'Rory STEWART (Ind)']"
JedburghandDistrictWard_sc-borders12-09.csv,frozenset({'Rory STEWART (Ind)'}),0.5,8,['Len WYSE (Con)']
JedburghandDistrictWard_sc-borders12-09.csv,frozenset({'Jim BROWN (SNP)'}),0.5,8,['Len WYSE (Con)']
ForfarandDistrict_angus12-03.csv,none,0,7,['(SNP) Glennis MIDDLETON']
ForfarandDistrict_angus12-03.csv,frozenset({'(Con) John RYMER'}),0.0,8,['(SNP) Glennis MIDDLETON']
ForfarandDistrict_angus12-03.csv,frozenset({'(SNP) Lynne DEVINE'}),0.0,8,['(SNP) Glennis MIDDLETON']
ForfarandDistrict_angus12-03.csv,frozenset({'(SNP) Glennis MIDDLETON'}),0.0,8,['(SNP) Glennis MIDDLETON']
ForfarandDistrict_angus12-03.csv,frozenset({'(Ind) Ian MCLAREN'}),0.0,8,['(SNP) Glennis MIDDLETON']
ForfarandDistrict_angus12-03.csv,frozenset({'(Ind) COLIN BROWN'}),0.0,8,['(SNP) Glennis MIDDLETON']
ForfarandDistrict_angus12-03.csv,frozenset({'(Ind) CHARLIE BROWN'}),0.0,8,['(SNP) Glennis MIDDLETON']
ForfarandDistrict_angus12-03.csv,frozenset({'(LD) Avril SIMPSON'}),0.0,8,['(SNP) Glennis MIDDLETON']
ForfarandDistrict_angus12-03.csv,frozenset({'(Con) John RYMER'}),0.1,8,['(SNP) Glennis MIDDLETON']
ForfarandDistrict_angus12-03.csv,frozenset({'(SNP) Lynne DEVINE'}),0.1,8,['(SNP) Glennis MIDDLETON']
ForfarandDistrict_angus12-03.csv,frozenset({'(SNP) Glennis MIDDLETON'}),0.1,8,['(SNP) Glennis MIDDLETON']
ForfarandDistrict_angus12-03.csv,frozenset({'(Ind) Ian MCLAREN'}),0.1,8,['(SNP) Glennis MIDDLETON']
ForfarandDistrict_angus12-03.csv,frozenset({'(Ind) COLIN BROWN'}),0.1,8,['(SNP) Glennis MIDDLETON']
ForfarandDistrict_angus12-03.csv,frozenset({'(Ind) CHARLIE BROWN'}),0.1,8,['(SNP) Glennis MIDDLETON']
ForfarandDistrict_angus12-03.csv,frozenset({'(LD) Avril SIMPSON'}),0.1,8,['(SNP) Glennis MIDDLETON']
ForfarandDistrict_angus12-03.csv,frozenset({'(Con) John RYMER'}),0.2,8,['(SNP) Glennis MIDDLETON']
ForfarandDistrict_angus12-03.csv,frozenset({'(SNP) Lynne DEVINE'}),0.2,8,['(SNP) Glennis MIDDLETON']
ForfarandDistrict_angus12-03.csv,frozenset({'(SNP) Glennis MIDDLETON'}),0.2,8,['(SNP) Glennis MIDDLETON']
ForfarandDistrict_angus12-03.csv,frozenset({'(Ind) Ian MCLAREN'}),0.2,8,['(SNP) Glennis MIDDLETON']
ForfarandDistrict_angus12-03.csv,frozenset({'(Ind) COLIN BROWN'}),0.2,8,['(SNP) Glennis MIDDLETON']
ForfarandDistrict_angus12-03.csv,frozenset({'(Ind) CHARLIE BROWN'}),0.2,8,['(SNP) Glennis MIDDLETON']
ForfarandDistrict_angus12-03.csv,frozenset({'(LD) Avril SIMPSON'}),0.2,8,['(SNP) Glennis MIDDLETON']
ForfarandDistrict_angus12-03.csv,frozenset({'(Con) John RYMER'}),0.3,8,['(SNP) Glennis MIDDLETON']
ForfarandDistrict_angus12-03.csv,frozenset({'(SNP) Lynne DEVINE'}),0.3,8,['(SNP) Glennis MIDDLETON']
ForfarandDistrict_angus12-03.csv,frozenset({'(SNP) Glennis MIDDLETON'}),0.3,8,['(SNP) Glennis MIDDLETON']
ForfarandDistrict_angus12-03.csv,frozenset({'(Ind) Ian MCLAREN'}),0.3,8,['(SNP) Glennis MIDDLETON']
ForfarandDistrict_angus12-03.csv,frozenset({'(Ind) COLIN BROWN'}),0.3,8,['(SNP) Glennis MIDDLETON']
ForfarandDistrict_angus12-03.csv,frozenset({'(Ind) CHARLIE BROWN'}),0.3,8,['(SNP) Glennis MIDDLETON']
ForfarandDistrict_angus12-03.csv,frozenset({'(LD) Avril SIMPSON'}),0.3,8,['(SNP) Glennis MIDDLETON']
ForfarandDistrict_angus12-03.csv,frozenset({'(Con) John RYMER'}),0.4,8,['(SNP) Glennis MIDDLETON']
ForfarandDistrict_angus12-03.csv,frozenset({'(SNP) Lynne DEVINE'}),0.4,8,['(SNP) Glennis MIDDLETON']
ForfarandDistrict_angus12-03.csv,frozenset({'(SNP) Glennis MIDDLETON'}),0.4,8,['(SNP) Glennis MIDDLETON']
ForfarandDistrict_angus12-03.csv,frozenset({'(Ind) Ian MCLAREN'}),0.4,8,['(SNP) Glennis MIDDLETON']
ForfarandDistrict_angus12-03.csv,frozenset({'(Ind) COLIN BROWN'}),0.4,8,['(SNP) Glennis MIDDLETON']
ForfarandDistrict_angus12-03.csv,frozenset({'(Ind) CHARLIE BROWN'}),0.4,8,['(SNP) Glennis MIDDLETON']
ForfarandDistrict_angus12-03.csv,frozenset({'(LD) Avril SIMPSON'}),0.4,8,['(SNP) Glennis MIDDLETON']
ForfarandDistrict_angus12-03.csv,frozenset({'(Con) John RYMER'}),0.5,8,['(SNP) Glennis MIDDLETON']
ForfarandDistrict_angus12-03.csv,frozenset({'(SNP) Lynne DEVINE'}),0.5,8,['(SNP) Glennis MIDDLETON']
ForfarandDistrict_angus12-03.csv,frozenset({'(SNP) Glennis MIDDLETON'}),0.5,8,['(SNP) Glennis MIDDLETON']
ForfarandDistrict_angus12-03.csv,frozenset({'(Ind) Ian MCLAREN'}),0.5,8,['(SNP) Glennis MIDDLETON']
ForfarandDistrict_angus12-03.csv,frozenset({'(Ind) COLIN BROWN'}),0.5,8,['(SNP) Glennis MIDDLETON']
ForfarandDistrict_angus12-03.csv,frozenset({'(Ind) CHARLIE BROWN'}),0.5,8,['(SNP) Glennis MIDDLETON']
ForfarandDistrict_angus12-03.csv,frozenset({'(LD) Avril SIMPSON'}),0.5,8,['(SNP) Glennis MIDDLETON']
